Family,Type,Width,Thickness,Fire Rating
Aluprof_MB-86-ST-AD14_E_Alu_Sgl-Panel-Door-Inward-Opening_ENG_R-00331,900 x 2100 mm,1106,77,30 Minutes
Doors_ExtDbl_Flush,1510x2110mm,1510,44,30 Minutes
Doors_ExtDbl_Flush,1510x2110mm,1510,44,30 Minutes
Doors_ExtDbl_Flush,1510x2110mm,1510,44,30 Minutes
Doors_ExtDbl_Flush,1510x2110mm,1510,44,30 Minutes
Doors_IntSgl,910x2110mm,910,38,30 Minutes
Doors_IntSgl,910x2110mm,910,38,30 Minutes
Doors_IntSgl,910x2110mm,910,38,30 Minutes
Doors_GEALAN_S9000_Double-Vent-Door,Doors_GEALAN_S9000_Double-Vent-Door,2020,,30 Minutes
Doors_IntSgl,910x2110mm,910,38,30 Minutes
Doors_GEALAN_S9000_Double-Vent-Door,Doors_GEALAN_S9000_Double-Vent-Door,2020,,30 Minutes
Doors_GEALAN_S9000_Double-Vent-Door,Doors_GEALAN_S9000_Double-Vent-Door,2020,,30 Minutes
Doors_GEALAN_S9000_Double-Vent-Door,Doors_GEALAN_S9000_Double-Vent-Door,2020,,30 Minutes
Doors_GEALAN_S9000_Double-Vent-Door,Doors_GEALAN_S9000_Double-Vent-Door,2020,,30 Minutes
Doors_IntSgl,910x2110mm,910,38,30 Minutes
Doors_IntSgl,910x2110mm,910,38,30 Minutes
Doors_GEALAN_S9000_Double-Vent-Door,Doors_GEALAN_S9000_Double-Vent-Door,2020,,30 Minutes
Doors_IntSgl,910x2110mm,910,38,30 Minutes
Doors_IntSgl,910x2110mm,910,38,30 Minutes
Doors_IntSgl,910x2110mm,910,38,30 Minutes
Doors_IntSgl,910x2110mm,910,38,30 Minutes
Doors_IntSgl,910x2110mm,910,38,30 Minutes
Doors_GEALAN_S9000_Double-Vent-Door,Doors_GEALAN_S9000_Double-Vent-Door,2020,,30 Minutes
Doors_GEALAN_S9000_Double-Vent-Door,Doors_GEALAN_S9000_Double-Vent-Door,2020,,30 Minutes
Doors_GEALAN_S9000_Double-Vent-Door,Doors_GEALAN_S9000_Double-Vent-Door,2020,,30 Minutes
Doors_GEALAN_S9000_Double-Vent-Door,Doors_GEALAN_S9000_Double-Vent-Door,2020,,30 Minutes
Doors_GEALAN_S9000_Double-Vent-Door,Doors_GEALAN_S9000_Double-Vent-Door,2020,,30 Minutes
Doors_GEALAN_S9000_Double-Vent-Door,Doors_GEALAN_S9000_Double-Vent-Door,2020,,30 Minutes
Doors_GEALAN_S9000_Double-Vent-Door,Doors_GEALAN_S9000_Double-Vent-Door,2020,,30 Minutes
Doors_GEALAN_S9000_Double-Vent-Door,Doors_GEALAN_S9000_Double-Vent-Door,2020,,30 Minutes
Doors_GEALAN_S9000_Double-Vent-Door,Doors_GEALAN_S9000_Double-Vent-Door,2020,,30 Minutes
Doors_IntSgl,910x2110mm,910,38,30 Minutes
IntSgl (2),1010 x 2110mm,1010,,30 Minutes
Doors_ExtDbl_Flush,1510x2110mm,1510,44,30 Minutes
Doors_ExtDbl_Flush,1510x2110mm,1510,44,30 Minutes
Doors_IntSgl,910x2110mm,910,38,30 Minutes
IntSgl (2),1010 x 2110mm,1010,,30 Minutes
IntSgl (2),1010 x 2110mm,1010,,30 Minutes
Doors_ExtDbl_Flush,1510x2110mm,1510,44,30 Minutes
Doors_ExtDbl_Flush,1510x2110mm,1510,44,30 Minutes
IntSgl (2),1010 x 2110mm,1010,,30 Minutes
Doors_ExtDbl_Flush,1510x2110mm,1510,44,30 Minutes
Doors_ExtDbl_Flush,1510x2110mm,1510,44,30 Minutes
Doors_IntSgl,910x2110mm,910,38,30 Minutes
Doors_IntSgl,910x2110mm,910,38,30 Minutes
Doors_IntSgl,910x2110mm,910,38,30 Minutes
IntSgl (2),1010 x 2110mm,1010,,30 Minutes
Doors_ExtDbl_Flush,1510x2110mm,1510,44,30 Minutes
Doors_ExtDbl_Flush,1510x2110mm,1510,44,30 Minutes
Doors_IntSgl,910x2110mm,910,38,30 Minutes
Doors_IntSgl,910x2110mm,910,38,30 Minutes
Doors_IntSgl,910x2110mm,910,38,30 Minutes
Doors_IntSgl,910x2110mm,910,38,30 Minutes
IntSgl (2),1010 x 2110mm,1010,,30 Minutes
Doors_ExtDbl_Flush,1510x2110mm,1510,44,30 Minutes
Doors_ExtDbl_Flush,1510x2110mm,1510,44,30 Minutes
Doors_IntSgl,910x2110mm,910,38,30 Minutes
Doors_IntSgl,910x2110mm,910,38,30 Minutes
Doors_IntSgl,910x2110mm,910,38,30 Minutes
IntSgl (2),1010 x 2110mm,1010,,30 Minutes
IntSgl (2),1010 x 2110mm,1010,,30 Minutes
Doors_ExtDbl_Flush,1510x2110mm,1510,44,30 Minutes
Doors_ExtDbl_Flush,1510x2110mm,1510,44,30 Minutes
Doors_IntSgl,910x2110mm,910,38,30 Minutes
Doors_IntSgl,910x2110mm,910,38,30 Minutes
Doors_IntSgl,910x2110mm,910,38,30 Minutes
Doors_IntSgl,910x2110mm,910,38,30 Minutes
Doors_IntSgl,910x2110mm,910,38,30 Minutes
Doors_GEALAN_S9000_Double-Vent-Door,Doors_GEALAN_S9000_Double-Vent-Door,2020,,30 Minutes
Doors_GEALAN_S9000_Double-Vent-Door,Doors_GEALAN_S9000_Double-Vent-Door,2020,,30 Minutes
Doors_GEALAN_S9000_Double-Vent-Door,Doors_GEALAN_S9000_Double-Vent-Door,2020,,30 Minutes
Doors_GEALAN_S9000_Double-Vent-Door,Doors_GEALAN_S9000_Double-Vent-Door,2020,,30 Minutes
Doors_GEALAN_S9000_Double-Vent-Door,Doors_GEALAN_S9000_Double-Vent-Door,2020,,30 Minutes
Doors_GEALAN_S9000_Double-Vent-Door,Doors_GEALAN_S9000_Double-Vent-Door,2020,,30 Minutes
Doors_GEALAN_S9000_Double-Vent-Door,Doors_GEALAN_S9000_Double-Vent-Door,2020,,30 Minutes
Doors_GEALAN_S9000_Double-Vent-Door,Doors_GEALAN_S9000_Double-Vent-Door,2020,,30 Minutes
Doors_GEALAN_S9000_Double-Vent-Door,Doors_GEALAN_S9000_Double-Vent-Door,2020,,30 Minutes
Doors_GEALAN_S9000_Double-Vent-Door,Doors_GEALAN_S9000_Double-Vent-Door,2020,,30 Minutes
Doors_GEALAN_S9000_Double-Vent-Door,Doors_GEALAN_S9000_Double-Vent-Door,2020,,30 Minutes
Doors_GEALAN_S9000_Double-Vent-Door,Doors_GEALAN_S9000_Double-Vent-Door,2020,,30 Minutes
Doors_GEALAN_S9000_Double-Vent-Door,Doors_GEALAN_S9000_Double-Vent-Door,2020,,30 Minutes
Doors_GEALAN_S9000_Double-Vent-Door,Doors_GEALAN_S9000_Double-Vent-Door,2020,,30 Minutes
Doors_GEALAN_S9000_Double-Vent-Door,Doors_GEALAN_S9000_Double-Vent-Door,2020,,30 Minutes
Doors_GEALAN_S9000_Double-Vent-Door,Doors_GEALAN_S9000_Double-Vent-Door,2020,,30 Minutes
Doors_GEALAN_S9000_Double-Vent-Door,Doors_GEALAN_S9000_Double-Vent-Door,2020,,30 Minutes
Doors_GEALAN_S9000_Double-Vent-Door,Doors_GEALAN_S9000_Double-Vent-Door,2020,,30 Minutes
Doors_GEALAN_S9000_Double-Vent-Door,Doors_GEALAN_S9000_Double-Vent-Door,2020,,30 Minutes
Doors_GEALAN_S9000_Double-Vent-Door,Doors_GEALAN_S9000_Double-Vent-Door,2020,,30 Minutes
Doors_GEALAN_S9000_Double-Vent-Door,Doors_GEALAN_S9000_Double-Vent-Door,2020,,30 Minutes
Doors_GEALAN_S9000_Double-Vent-Door,Doors_GEALAN_S9000_Double-Vent-Door,2020,,30 Minutes
Doors_GEALAN_S9000_Double-Vent-Door,Doors_GEALAN_S9000_Double-Vent-Door,2020,,30 Minutes
Doors_GEALAN_S9000_Double-Vent-Door,Doors_GEALAN_S9000_Double-Vent-Door,2020,,30 Minutes
Doors_GEALAN_S9000_Double-Vent-Door,Doors_GEALAN_S9000_Double-Vent-Door,2020,,30 Minutes
Doors_GEALAN_S9000_Double-Vent-Door,Doors_GEALAN_S9000_Double-Vent-Door,2020,,30 Minutes
Doors_GEALAN_S9000_Double-Vent-Door,Doors_GEALAN_S9000_Double-Vent-Door,2020,,30 Minutes
Doors_GEALAN_S9000_Double-Vent-Door,Doors_GEALAN_S9000_Double-Vent-Door,2020,,30 Minutes
Doors_GEALAN_S9000_Double-Vent-Door,Doors_GEALAN_S9000_Double-Vent-Door,2020,,30 Minutes
Doors_GEALAN_S9000_Double-Vent-Door,Doors_GEALAN_S9000_Double-Vent-Door,2020,,30 Minutes
Doors_GEALAN_S9000_Double-Vent-Door,Doors_GEALAN_S9000_Double-Vent-Door,2020,,30 Minutes
Doors_GEALAN_S9000_Double-Vent-Door,Doors_GEALAN_S9000_Double-Vent-Door,2020,,30 Minutes
Doors_GEALAN_S9000_Double-Vent-Door,Doors_GEALAN_S9000_Double-Vent-Door,2020,,30 Minutes
Doors_GEALAN_S9000_Double-Vent-Door,Doors_GEALAN_S9000_Double-Vent-Door,2020,,30 Minutes
Doors_GEALAN_S9000_Double-Vent-Door,Doors_GEALAN_S9000_Double-Vent-Door,2020,,30 Minutes
Doors_GEALAN_S9000_Double-Vent-Door,Doors_GEALAN_S9000_Double-Vent-Door,2020,,30 Minutes
Doors_GEALAN_S9000_Double-Vent-Door,Doors_GEALAN_S9000_Double-Vent-Door,2020,,30 Minutes
Doors_GEALAN_S9000_Double-Vent-Door,Doors_GEALAN_S9000_Double-Vent-Door,2020,,30 Minutes
Doors_GEALAN_S9000_Double-Vent-Door,Doors_GEALAN_S9000_Double-Vent-Door,2020,,30 Minutes
Doors_GEALAN_S9000_Double-Vent-Door,Doors_GEALAN_S9000_Double-Vent-Door,2020,,30 Minutes
Doors_GEALAN_S9000_Double-Vent-Door,Doors_GEALAN_S9000_Double-Vent-Door,2020,,30 Minutes
Doors_GEALAN_S9000_Double-Vent-Door,Doors_GEALAN_S9000_Double-Vent-Door,2020,,30 Minutes
Doors_GEALAN_S9000_Double-Vent-Door,Doors_GEALAN_S9000_Double-Vent-Door,2020,,30 Minutes
Doors_GEALAN_S9000_Double-Vent-Door,Doors_GEALAN_S9000_Double-Vent-Door,2020,,30 Minutes
Doors_GEALAN_S9000_Double-Vent-Door,Doors_GEALAN_S9000_Double-Vent-Door,2020,,30 Minutes
Doors_GEALAN_S9000_Double-Vent-Door,Doors_GEALAN_S9000_Double-Vent-Door,2020,,30 Minutes
Doors_GEALAN_S9000_Double-Vent-Door,Doors_GEALAN_S9000_Double-Vent-Door,2020,,30 Minutes
Doors_GEALAN_S9000_Double-Vent-Door,Doors_GEALAN_S9000_Double-Vent-Door,2020,,30 Minutes
Doors_GEALAN_S9000_Double-Vent-Door,Doors_GEALAN_S9000_Double-Vent-Door,2020,,30 Minutes
Doors_GEALAN_S9000_Double-Vent-Door,Doors_GEALAN_S9000_Double-Vent-Door,2020,,30 Minutes
Doors_GEALAN_S9000_Double-Vent-Door,Doors_GEALAN_S9000_Double-Vent-Door,2020,,30 Minutes
Doors_GEALAN_S9000_Double-Vent-Door,Doors_GEALAN_S9000_Double-Vent-Door,2020,,30 Minutes
Doors_GEALAN_S9000_Double-Vent-Door,Doors_GEALAN_S9000_Double-Vent-Door,2020,,30 Minutes
Doors_GEALAN_S9000_Double-Vent-Door,Doors_GEALAN_S9000_Double-Vent-Door,2020,,30 Minutes
Doors_GEALAN_S9000_Double-Vent-Door,Doors_GEALAN_S9000_Double-Vent-Door,2020,,30 Minutes
ExtDbl (2),1510 x 2110mm,1510,44,1 hour
ExtDbl (2),1510 x 2110mm,1510,44,1 hour
ExtDbl (2),1510 x 2110mm,1510,44,1 hour
IntSgl (2),910 x 2110mm,910,,30 Minutes
Doors_IntSgl,910x2110mm,910,38,30 Minutes
Doors_IntSgl,910x2110mm,910,38,30 Minutes
Doors_IntSgl,910x2110mm,910,38,30 Minutes
Doors_IntSgl,910x2110mm,910,38,30 Minutes
IntSgl (2),910 x 2110mm,910,,30 Minutes
Doors_IntSgl,910x2110mm,910,38,30 Minutes
Doors_IntSgl,910x2110mm,910,38,30 Minutes
Doors_IntSgl,910x2110mm,910,38,30 Minutes
IntSgl (2),910 x 2110mm,910,,30 Minutes
Doors_IntSgl,910x2110mm,910,38,30 Minutes
Doors_IntSgl,910x2110mm,910,38,30 Minutes
IntSgl (2),910 x 2110mm,910,,30 Minutes
Doors_IntSgl,910x2110mm,910,38,30 Minutes
Doors_IntSgl,910x2110mm,910,38,30 Minutes
Doors_IntSgl,910x2110mm,910,38,30 Minutes
IntSgl (2),910 x 2110mm,910,,30 Minutes
Doors_IntSgl,910x2110mm,910,38,30 Minutes
Doors_GEALAN_S9000_Double-Vent-Door,Doors_GEALAN_S9000_Double-Vent-Door,2020,,30 Minutes
Doors_GEALAN_S9000_Double-Vent-Door,Doors_GEALAN_S9000_Double-Vent-Door,2020,,30 Minutes
Doors_GEALAN_S9000_Double-Vent-Door,Doors_GEALAN_S9000_Double-Vent-Door,2020,,30 Minutes
Doors_GEALAN_S9000_Double-Vent-Door,Doors_GEALAN_S9000_Double-Vent-Door,2020,,30 Minutes
Doors_GEALAN_S9000_Double-Vent-Door,Doors_GEALAN_S9000_Double-Vent-Door,2020,,30 Minutes
Doors_GEALAN_S9000_Double-Vent-Door,Doors_GEALAN_S9000_Double-Vent-Door,2020,,30 Minutes
Doors_GEALAN_S9000_Double-Vent-Door,Doors_GEALAN_S9000_Double-Vent-Door,2020,,30 Minutes
Doors_GEALAN_S9000_Double-Vent-Door,Doors_GEALAN_S9000_Double-Vent-Door,2020,,30 Minutes
Doors_GEALAN_S9000_Double-Vent-Door,Doors_GEALAN_S9000_Double-Vent-Door,2020,,30 Minutes
Doors_GEALAN_S9000_Double-Vent-Door,Doors_GEALAN_S9000_Double-Vent-Door,2020,,30 Minutes
Doors_GEALAN_S9000_Double-Vent-Door,Doors_GEALAN_S9000_Double-Vent-Door,2020,,30 Minutes
Doors_GEALAN_S9000_Double-Vent-Door,Doors_GEALAN_S9000_Double-Vent-Door,2020,,30 Minutes
Doors_GEALAN_S9000_Double-Vent-Door,Doors_GEALAN_S9000_Double-Vent-Door,2020,,30 Minutes
Doors_GEALAN_S9000_Double-Vent-Door,Doors_GEALAN_S9000_Double-Vent-Door,2020,,30 Minutes
Doors_GEALAN_S9000_Double-Vent-Door,Doors_GEALAN_S9000_Double-Vent-Door,2020,,30 Minutes
Doors_GEALAN_S9000_Double-Vent-Door,Doors_GEALAN_S9000_Double-Vent-Door,2020,,30 Minutes
Doors_ExtDbl_Flush,1510x2110mm,1510,44,30 Minutes
Doors_ExtDbl_Flush,1510x2110mm,1510,44,30 Minutes
Aluprof_MB-86-ST-AD14_E_Alu_Sgl-Panel-Door-Inward-Opening_ENG_R-00331,900 x 2100 mm,1106,77,30 Minutes
Doors_ExtDbl_Flush,1510x2110mm,1510,44,30 Minutes
Aluprof_MB-86-ST-AD14_E_Alu_Sgl-Panel-Door-Inward-Opening_ENG_R-00331,900 x 2100 mm,1106,77,30 Minutes
Doors_IntSgl,910x2110mm,910,38,30 Minutes
Doors_IntSgl,910x2110mm,910,38,30 Minutes
Doors_IntSgl,910x2110mm,910,38,30 Minutes
Doors_IntSgl,910x2110mm,910,38,30 Minutes
Doors_IntSgl,910x2110mm,910,38,30 Minutes
Doors_IntSgl,910x2110mm,910,38,30 Minutes
Doors_IntSgl,910x2110mm,910,38,30 Minutes
Doors_IntSgl,910x2110mm,910,38,30 Minutes
Doors_IntSgl,910x2110mm,910,38,30 Minutes
Doors_IntSgl,910x2110mm,910,38,30 Minutes
Doors_IntSgl,910x2110mm,910,38,30 Minutes
Doors_IntSgl,910x2110mm,910,38,30 Minutes
Doors_IntSgl,910x2110mm,910,38,30 Minutes
Doors_IntSgl,910x2110mm,910,38,30 Minutes
Doors_IntSgl,910x2110mm,910,38,30 Minutes
Doors_IntSgl,910x2110mm,910,38,30 Minutes
Doors_IntSgl,910x2110mm,910,38,30 Minutes
Doors_IntSgl,910x2110mm,910,38,30 Minutes
Doors_IntSgl,910x2110mm,910,38,30 Minutes
Doors_IntSgl,910x2110mm,910,38,30 Minutes
Doors_IntSgl,910x2110mm,910,38,30 Minutes
Doors_IntSgl,910x2110mm,910,38,30 Minutes
Doors_IntSgl,910x2110mm,910,38,30 Minutes
Doors_IntSgl,910x2110mm,910,38,30 Minutes
Doors_IntSgl,910x2110mm,910,38,30 Minutes
Doors_IntSgl,910x2110mm,910,38,30 Minutes
IntDbl (1),1810 x 2110mm,1810,32,30 Minutes
Doors_IntSgl,910x2110mm,910,38,30 Minutes
Doors_IntSgl,910x2110mm,910,38,30 Minutes
Doors_IntSgl,910x2110mm,910,38,30 Minutes
Doors_IntSgl,910x2110mm,910,38,30 Minutes
Doors_IntSgl,910x2110mm,910,38,30 Minutes
Doors_IntSgl,810x2110mm,810,38,30 Minutes
Doors_IntSgl,810x2110mm,810,38,30 Minutes
Doors_IntSgl,810x2110mm,810,38,30 Minutes
Doors_IntSgl,810x2110mm,810,38,30 Minutes
Doors_IntSgl,810x2110mm,810,38,30 Minutes
Doors_GEALAN_S9000_Double-Vent-Door,Doors_GEALAN_S9000_Double-Vent-Door,2020,,30 Minutes
Doors_IntSgl,810x2110mm,810,38,30 Minutes
Doors_IntSgl,810x2110mm,810,38,30 Minutes
Doors_IntSgl,810x2110mm,810,38,30 Minutes
Doors_IntSgl,810x2110mm,810,38,30 Minutes
Doors_IntSgl,810x2110mm,810,38,30 Minutes
Doors_IntSgl,810x2110mm,810,38,30 Minutes
Doors_IntSgl,810x2110mm,810,38,30 Minutes
Doors_IntSgl,810x2110mm,810,38,30 Minutes
Doors_ExtDbl_Flush,1210x2110mm 2,1210,44,1 hour
Doors_IntSgl,810x2110mm,810,38,30 Minutes
Doors_IntSgl,810x2110mm,810,38,30 Minutes
Doors_IntSgl,810x2110mm,810,38,30 Minutes
Doors_IntSgl,910x2110mm,910,38,30 Minutes
Doors_IntSgl,910x2110mm,910,38,30 Minutes
Doors_IntSgl,910x2110mm,910,38,30 Minutes
Doors_IntSgl,910x2110mm,910,38,30 Minutes
Doors_IntSgl,910x2110mm,910,38,30 Minutes
Doors_IntSgl,910x2110mm,910,38,30 Minutes
Doors_IntSgl,910x2110mm,910,38,30 Minutes
Doors_IntSgl,910x2110mm,910,38,30 Minutes
Doors_IntSgl,910x2110mm,910,38,30 Minutes
Doors_IntSgl,910x2110mm,910,38,30 Minutes
Doors_IntSgl,910x2110mm,910,38,30 Minutes
Doors_IntSgl,910x2110mm,910,38,30 Minutes
ExtDbl (2),1510 x 2110mm,1510,44,1 hour
ExtDbl (2),1510 x 2110mm,1510,44,1 hour
Doors_IntSgl,910x2110mm,910,38,30 Minutes
Doors_IntSgl,910x2110mm,910,38,30 Minutes
Doors_IntSgl,910x2110mm,910,38,30 Minutes
Doors_IntSgl,910x2110mm,910,38,30 Minutes
ExtDbl (2),1510 x 2110mm,1510,44,1 hour
ExtDbl (2),1510 x 2110mm,1510,44,1 hour
Doors_GEALAN_S9000_Double-Vent-Door,Doors_GEALAN_S9000_Double-Vent-Door,2020,,30 Minutes
Doors_GEALAN_S9000_Double-Vent-Door,1200,1220,,30 Minutes
Doors_GEALAN_S9000_Double-Vent-Door,1200,1220,,30 Minutes
Doors_GEALAN_S9000_Double-Vent-Door,1200,1220,,30 Minutes
Doors_GEALAN_S9000_Double-Vent-Door,Doors_GEALAN_S9000_Double-Vent-Door,2020,,30 Minutes
Doors_GEALAN_S9000_Double-Vent-Door,Doors_GEALAN_S9000_Double-Vent-Door,2020,,30 Minutes
Doors_GEALAN_S9000_Double-Vent-Door,Doors_GEALAN_S9000_Double-Vent-Door,2020,,30 Minutes
Doors_GEALAN_S9000_Double-Vent-Door,Doors_GEALAN_S9000_Double-Vent-Door,2020,,30 Minutes
ExtDbl (2),1810 x 2110mm,1810,44,1 hour
ExtDbl (2),1810 x 2110mm,1810,44,1 hour
Doors_IntSgl,910x2110mm,910,38,30 Minutes
Doors_IntSgl,910x2110mm,910,38,30 Minutes
Doors_IntSgl,910x2110mm,910,38,30 Minutes
Doors_IntSgl,910x2110mm,910,38,30 Minutes
Doors_IntSgl,910x2110mm,910,38,30 Minutes
Doors_IntSgl,910x2110mm,910,38,30 Minutes
Doors_IntSgl,910x2110mm,910,38,30 Minutes
Doors_IntSgl,910x2110mm,910,38,30 Minutes
Doors_IntSgl,910x2110mm,910,38,30 Minutes
Doors_IntSgl,910x2110mm,910,38,30 Minutes
Doors_IntSgl,910x2110mm,910,38,30 Minutes
Doors_IntSgl,910x2110mm,910,38,30 Minutes
Doors_IntSgl,910x2110mm,910,38,30 Minutes
Doors_IntSgl,910x2110mm,910,38,30 Minutes
Doors_IntSgl,910x2110mm,910,38,30 Minutes
Doors_IntSgl,910x2110mm,910,38,30 Minutes
Doors_IntSgl,910x2110mm,910,38,30 Minutes
Doors_IntSgl,910x2110mm,910,38,30 Minutes
Doors_IntSgl,910x2110mm,910,38,30 Minutes
Doors_IntSgl,910x2110mm,910,38,30 Minutes
Doors_IntSgl,910x2110mm,910,38,30 Minutes
Doors_IntSgl,910x2110mm,910,38,30 Minutes
Doors_IntSgl,910x2110mm,910,38,30 Minutes
Doors_IntSgl,910x2110mm,910,38,30 Minutes
Doors_IntSgl,910x2110mm,910,38,30 Minutes
Doors_IntSgl,910x2110mm,910,38,30 Minutes
Doors_IntSgl,910x2110mm,910,38,30 Minutes
Doors_IntSgl,910x2110mm,910,38,30 Minutes
Doors_IntSgl,910x2110mm,910,38,30 Minutes
Doors_IntSgl,910x2110mm,910,38,30 Minutes
Doors_IntSgl,910x2110mm,910,38,30 Minutes
Doors_IntSgl,910x2110mm,910,38,30 Minutes
Doors_IntSgl,910x2110mm,910,38,30 Minutes
Doors_IntSgl,910x2110mm,910,38,30 Minutes
Doors_IntSgl,910x2110mm,910,38,30 Minutes
Doors_IntSgl,910x2110mm,910,38,30 Minutes
Doors_IntSgl,910x2110mm,910,38,30 Minutes
Doors_IntSgl,910x2110mm,910,38,30 Minutes
Doors_IntSgl,910x2110mm,910,38,30 Minutes
Doors_IntSgl,910x2110mm,910,38,30 Minutes
Doors_IntSgl,910x2110mm,910,38,30 Minutes
Doors_IntSgl,910x2110mm,910,38,30 Minutes
Doors_IntSgl,910x2110mm,910,38,30 Minutes
Doors_IntSgl,910x2110mm,910,38,30 Minutes
Doors_IntSgl,910x2110mm,910,38,30 Minutes
Doors_IntSgl,910x2110mm,910,38,30 Minutes
Doors_IntSgl,910x2110mm,910,38,30 Minutes
Doors_IntSgl,910x2110mm,910,38,30 Minutes
Doors_IntSgl,910x2110mm,910,38,30 Minutes
Doors_IntSgl,910x2110mm,910,38,30 Minutes
Doors_IntSgl,910x2110mm,910,38,30 Minutes
Doors_IntSgl,910x2110mm,910,38,30 Minutes
Doors_IntSgl,910x2110mm,910,38,30 Minutes
Doors_IntSgl,910x2110mm,910,38,30 Minutes
Doors_IntSgl,910x2110mm,910,38,30 Minutes
Doors_IntSgl,910x2110mm,910,38,30 Minutes
Doors_IntSgl,910x2110mm,910,38,30 Minutes
Doors_IntSgl,910x2110mm,910,38,30 Minutes
Doors_IntSgl,910x2110mm,910,38,30 Minutes
Doors_IntSgl,910x2110mm,910,38,30 Minutes
Doors_IntSgl,910x2110mm,910,38,30 Minutes
Doors_IntSgl,910x2110mm,910,38,30 Minutes
Doors_IntSgl,910x2110mm,910,38,30 Minutes
Doors_IntSgl,910x2110mm,910,38,30 Minutes
Doors_IntSgl,910x2110mm,910,38,30 Minutes
Doors_IntSgl,910x2110mm,910,38,30 Minutes
Doors_IntSgl,910x2110mm,910,38,30 Minutes
Doors_IntSgl,910x2110mm,910,38,30 Minutes
Doors_IntSgl,910x2110mm,910,38,30 Minutes
Doors_IntSgl,910x2110mm,910,38,30 Minutes
Doors_IntSgl,910x2110mm,910,38,30 Minutes
Doors_IntSgl,910x2110mm,910,38,30 Minutes
Doors_IntSgl,910x2110mm,910,38,30 Minutes
Doors_IntSgl,910x2110mm,910,38,30 Minutes
Doors_IntSgl,910x2110mm,910,38,30 Minutes
Doors_IntSgl,910x2110mm,910,38,30 Minutes
Doors_IntSgl,910x2110mm,910,38,30 Minutes
Doors_IntSgl,910x2110mm,910,38,30 Minutes
Doors_IntSgl,910x2110mm,910,38,30 Minutes
Doors_IntSgl,910x2110mm,910,38,30 Minutes
Doors_IntSgl,910x2110mm,910,38,30 Minutes
Doors_IntSgl,910x2110mm,910,38,30 Minutes
Doors_IntSgl,910x2110mm,910,38,30 Minutes
Doors_IntSgl,910x2110mm,910,38,30 Minutes
Doors_IntSgl,910x2110mm,910,38,30 Minutes
Doors_IntSgl,910x2110mm,910,38,30 Minutes
Doors_IntSgl,910x2110mm,910,38,30 Minutes
Doors_IntSgl,910x2110mm,910,38,30 Minutes
Doors_IntSgl,910x2110mm,910,38,30 Minutes
Doors_IntSgl,910x2110mm,910,38,30 Minutes
Doors_IntSgl,910x2110mm,910,38,30 Minutes
Doors_IntSgl,910x2110mm,910,38,30 Minutes
Doors_IntSgl,910x2110mm,910,38,30 Minutes
Doors_IntSgl,910x2110mm,910,38,30 Minutes
Doors_IntSgl,910x2110mm,910,38,30 Minutes
Doors_IntSgl,910x2110mm,910,38,30 Minutes
Doors_IntSgl,910x2110mm,910,38,30 Minutes
Doors_IntSgl,910x2110mm,910,38,30 Minutes
Doors_IntSgl,910x2110mm,910,38,30 Minutes
Doors_IntSgl,910x2110mm,910,38,30 Minutes
Doors_IntSgl,910x2110mm,910,38,30 Minutes
Doors_IntSgl,910x2110mm,910,38,30 Minutes
Doors_IntSgl,910x2110mm,910,38,30 Minutes
Doors_IntSgl,910x2110mm,910,38,30 Minutes
Doors_IntSgl,910x2110mm,910,38,30 Minutes
Doors_IntSgl,910x2110mm,910,38,30 Minutes
Doors_IntSgl,910x2110mm,910,38,30 Minutes
Doors_IntSgl,910x2110mm,910,38,30 Minutes
Doors_IntSgl,910x2110mm,910,38,30 Minutes
Doors_IntSgl,910x2110mm,910,38,30 Minutes
Doors_IntSgl,910x2110mm,910,38,30 Minutes
Doors_IntSgl,910x2110mm,910,38,30 Minutes
Doors_IntSgl,910x2110mm,910,38,30 Minutes
Doors_IntSgl,910x2110mm,910,38,30 Minutes
Doors_IntSgl,910x2110mm,910,38,30 Minutes
Doors_IntSgl,910x2110mm,910,38,30 Minutes
Doors_IntSgl,910x2110mm,910,38,30 Minutes
Doors_IntSgl,910x2110mm,910,38,30 Minutes
Doors_IntSgl,910x2110mm,910,38,30 Minutes
Doors_IntSgl,910x2110mm,910,38,30 Minutes
Doors_IntSgl,910x2110mm,910,38,30 Minutes
Doors_IntSgl,910x2110mm,910,38,30 Minutes
Doors_IntSgl,910x2110mm,910,38,30 Minutes
Doors_IntSgl,910x2110mm,910,38,30 Minutes
Doors_IntSgl,910x2110mm,910,38,30 Minutes
Doors_IntSgl,910x2110mm,910,38,30 Minutes
Doors_IntSgl,910x2110mm,910,38,30 Minutes
Doors_IntSgl,910x2110mm,910,38,30 Minutes
Doors_IntSgl,910x2110mm,910,38,30 Minutes
Doors_IntSgl,910x2110mm,910,38,30 Minutes
Doors_IntSgl,910x2110mm,910,38,30 Minutes
Doors_IntSgl,910x2110mm,910,38,30 Minutes
Doors_IntSgl,910x2110mm,910,38,30 Minutes
Doors_IntSgl,910x2110mm,910,38,30 Minutes
Doors_IntSgl,910x2110mm,910,38,30 Minutes
Doors_IntSgl,910x2110mm,910,38,30 Minutes
Doors_IntSgl,910x2110mm,910,38,30 Minutes
Doors_IntSgl,910x2110mm,910,38,30 Minutes
Doors_IntSgl,910x2110mm,910,38,30 Minutes
Doors_IntSgl,910x2110mm,910,38,30 Minutes
Doors_IntSgl,910x2110mm,910,38,30 Minutes
Doors_IntSgl,910x2110mm,910,38,30 Minutes
Doors_IntSgl,910x2110mm,910,38,30 Minutes
Doors_IntSgl,910x2110mm,910,38,30 Minutes
Doors_IntSgl,910x2110mm,910,38,30 Minutes
Doors_IntSgl,910x2110mm,910,38,30 Minutes
Doors_IntSgl,910x2110mm,910,38,30 Minutes
Doors_IntSgl,910x2110mm,910,38,30 Minutes
Doors_IntSgl,910x2110mm,910,38,30 Minutes
Doors_IntSgl,910x2110mm,910,38,30 Minutes
Doors_IntSgl,910x2110mm,910,38,30 Minutes
Doors_IntSgl,910x2110mm,910,38,30 Minutes
Doors_IntSgl,910x2110mm,910,38,30 Minutes
Doors_IntSgl,910x2110mm,910,38,30 Minutes
Doors_IntSgl,910x2110mm,910,38,30 Minutes
Doors_IntSgl,910x2110mm,910,38,30 Minutes
Doors_IntSgl,910x2110mm,910,38,30 Minutes
Doors_IntSgl,910x2110mm,910,38,30 Minutes
Doors_IntSgl,910x2110mm,910,38,30 Minutes
Doors_IntSgl,910x2110mm,910,38,30 Minutes
Doors_IntSgl,910x2110mm,910,38,30 Minutes
Doors_IntSgl,910x2110mm,910,38,30 Minutes
Doors_IntSgl,910x2110mm,910,38,30 Minutes
Doors_IntSgl,910x2110mm,910,38,30 Minutes
Doors_IntSgl,910x2110mm,910,38,30 Minutes
Doors_IntSgl,910x2110mm,910,38,30 Minutes
Doors_IntSgl,910x2110mm,910,38,30 Minutes
Doors_IntSgl,910x2110mm,910,38,30 Minutes
Doors_IntSgl,910x2110mm,910,38,30 Minutes
Doors_IntSgl,910x2110mm,910,38,30 Minutes
Doors_IntSgl,910x2110mm,910,38,30 Minutes
Doors_IntSgl,910x2110mm,910,38,30 Minutes
Doors_IntSgl,910x2110mm,910,38,30 Minutes
Doors_IntSgl,910x2110mm,910,38,30 Minutes
Doors_IntSgl,910x2110mm,910,38,30 Minutes
Doors_IntSgl,910x2110mm,910,38,30 Minutes
Doors_IntSgl,910x2110mm,910,38,30 Minutes
Doors_IntSgl,910x2110mm,910,38,30 Minutes
Doors_IntSgl,910x2110mm,910,38,30 Minutes
Doors_IntSgl,910x2110mm,910,38,30 Minutes
Doors_IntSgl,910x2110mm,910,38,30 Minutes
Doors_IntSgl,910x2110mm,910,38,30 Minutes
Doors_IntSgl,910x2110mm,910,38,30 Minutes
Doors_IntSgl,910x2110mm,910,38,30 Minutes
Doors_IntSgl,910x2110mm,910,38,30 Minutes
Doors_IntSgl,910x2110mm,910,38,30 Minutes
Doors_IntSgl,910x2110mm,910,38,30 Minutes
Doors_IntSgl,910x2110mm,910,38,30 Minutes
Doors_IntSgl,910x2110mm,910,38,30 Minutes
Doors_IntSgl,910x2110mm,910,38,30 Minutes
Doors_IntSgl,910x2110mm,910,38,30 Minutes
Doors_IntSgl,910x2110mm,910,38,30 Minutes
Doors_IntSgl,910x2110mm,910,38,30 Minutes
Doors_IntSgl,910x2110mm,910,38,30 Minutes
Doors_IntSgl,910x2110mm,910,38,30 Minutes
Doors_IntSgl,910x2110mm,910,38,30 Minutes
Doors_IntSgl,910x2110mm,910,38,30 Minutes
Doors_IntSgl,910x2110mm,910,38,30 Minutes
Doors_IntSgl,910x2110mm,910,38,30 Minutes
Doors_IntSgl,910x2110mm,910,38,30 Minutes
Doors_IntSgl,910x2110mm,910,38,30 Minutes
Doors_IntSgl,910x2110mm,910,38,30 Minutes
Doors_IntSgl,910x2110mm,910,38,30 Minutes
Doors_IntSgl,910x2110mm,910,38,30 Minutes
Doors_IntSgl,910x2110mm,910,38,30 Minutes
Doors_IntSgl,910x2110mm,910,38,30 Minutes
Doors_IntSgl,910x2110mm,910,38,30 Minutes
Doors_IntSgl,910x2110mm,910,38,30 Minutes
Doors_IntSgl,910x2110mm,910,38,30 Minutes
Doors_IntSgl,910x2110mm,910,38,30 Minutes
Doors_IntSgl,910x2110mm,910,38,30 Minutes
Doors_IntSgl,910x2110mm,910,38,30 Minutes
Doors_IntSgl,910x2110mm,910,38,30 Minutes
Doors_IntSgl,910x2110mm,910,38,30 Minutes
Doors_IntSgl,910x2110mm,910,38,30 Minutes
Doors_IntSgl,910x2110mm,910,38,30 Minutes
Doors_IntSgl,910x2110mm,910,38,30 Minutes
Doors_IntSgl,910x2110mm,910,38,30 Minutes
Doors_IntSgl,910x2110mm,910,38,30 Minutes
Doors_IntSgl,910x2110mm,910,38,30 Minutes
Doors_IntSgl,910x2110mm,910,38,30 Minutes
Doors_IntSgl,910x2110mm,910,38,30 Minutes
Doors_IntSgl,910x2110mm,910,38,30 Minutes
Doors_IntSgl,910x2110mm,910,38,30 Minutes
Doors_IntSgl,910x2110mm,910,38,30 Minutes
Doors_IntSgl,910x2110mm,910,38,30 Minutes
Doors_IntSgl,910x2110mm,910,38,30 Minutes
Doors_IntSgl,910x2110mm,910,38,30 Minutes
Doors_IntSgl,910x2110mm,910,38,30 Minutes
Doors_IntSgl,910x2110mm,910,38,30 Minutes
Doors_IntSgl,910x2110mm,910,38,30 Minutes
Doors_IntSgl,910x2110mm,910,38,30 Minutes
Doors_IntSgl,910x2110mm,910,38,30 Minutes
Doors_IntSgl,910x2110mm,910,38,30 Minutes
Doors_IntSgl,910x2110mm,910,38,30 Minutes
Doors_IntSgl,910x2110mm,910,38,30 Minutes
Doors_IntSgl,910x2110mm,910,38,30 Minutes
Doors_IntSgl,910x2110mm,910,38,30 Minutes
Doors_IntSgl,910x2110mm,910,38,30 Minutes
Doors_IntSgl,910x2110mm,910,38,30 Minutes
Doors_IntSgl,910x2110mm,910,38,30 Minutes
Doors_IntSgl,910x2110mm,910,38,30 Minutes
Doors_IntSgl,910x2110mm,910,38,30 Minutes
Doors_IntSgl,910x2110mm,910,38,30 Minutes
Doors_IntSgl,910x2110mm,910,38,30 Minutes
Doors_IntSgl,910x2110mm,910,38,30 Minutes
Doors_IntSgl,910x2110mm,910,38,30 Minutes
Doors_IntSgl,910x2110mm,910,38,30 Minutes
Doors_IntSgl,910x2110mm,910,38,30 Minutes
Doors_IntSgl,910x2110mm,910,38,30 Minutes
Doors_IntSgl,910x2110mm,910,38,30 Minutes
Doors_IntSgl,910x2110mm,910,38,30 Minutes
Doors_IntSgl,910x2110mm,910,38,30 Minutes
Doors_IntSgl,910x2110mm,910,38,30 Minutes
Doors_IntSgl,910x2110mm,910,38,30 Minutes
Doors_IntSgl,910x2110mm,910,38,30 Minutes
Doors_IntSgl,910x2110mm,910,38,30 Minutes
Doors_IntSgl,910x2110mm,910,38,30 Minutes
Doors_IntSgl,910x2110mm,910,38,30 Minutes
Doors_IntSgl,910x2110mm,910,38,30 Minutes
Doors_IntSgl,910x2110mm,910,38,30 Minutes
Doors_IntSgl,910x2110mm,910,38,30 Minutes
Doors_IntSgl,910x2110mm,910,38,30 Minutes
Doors_IntSgl,910x2110mm,910,38,30 Minutes
Doors_IntSgl,910x2110mm,910,38,30 Minutes
Doors_IntSgl,910x2110mm,910,38,30 Minutes
Doors_IntSgl,910x2110mm,910,38,30 Minutes
Doors_IntSgl,910x2110mm,910,38,30 Minutes
Doors_IntSgl,910x2110mm,910,38,30 Minutes
Doors_IntSgl,910x2110mm,910,38,30 Minutes
Doors_IntSgl,910x2110mm,910,38,30 Minutes
Doors_IntSgl,910x2110mm,910,38,30 Minutes
Doors_IntSgl,910x2110mm,910,38,30 Minutes
Doors_IntSgl,910x2110mm,910,38,30 Minutes
Doors_IntSgl,910x2110mm,910,38,30 Minutes
Doors_IntSgl,910x2110mm,910,38,30 Minutes
Doors_IntSgl,910x2110mm,910,38,30 Minutes
Doors_IntSgl,910x2110mm,910,38,30 Minutes
Doors_IntSgl,910x2110mm,910,38,30 Minutes
Doors_IntSgl,910x2110mm,910,38,30 Minutes
Doors_IntSgl,910x2110mm,910,38,30 Minutes
Doors_IntSgl,910x2110mm,910,38,30 Minutes
Doors_IntSgl,910x2110mm,910,38,30 Minutes
Doors_IntSgl,910x2110mm,910,38,30 Minutes
Doors_IntSgl,910x2110mm,910,38,30 Minutes
Doors_IntSgl,910x2110mm,910,38,30 Minutes
Doors_IntSgl,910x2110mm,910,38,30 Minutes
Doors_IntSgl,910x2110mm,910,38,30 Minutes
Doors_IntSgl,910x2110mm,910,38,30 Minutes
Doors_IntSgl,910x2110mm,910,38,30 Minutes
Doors_IntSgl,910x2110mm,910,38,30 Minutes
Doors_IntSgl,910x2110mm,910,38,30 Minutes
Doors_IntSgl,910x2110mm,910,38,30 Minutes
Doors_IntSgl,910x2110mm,910,38,30 Minutes
Doors_IntSgl,910x2110mm,910,38,30 Minutes
Doors_IntSgl,910x2110mm,910,38,30 Minutes
Doors_IntSgl,910x2110mm,910,38,30 Minutes
Doors_IntSgl,910x2110mm,910,38,30 Minutes
Doors_IntSgl,910x2110mm,910,38,30 Minutes
Doors_IntSgl,910x2110mm,910,38,30 Minutes
Doors_IntSgl,910x2110mm,910,38,30 Minutes
Doors_IntSgl,910x2110mm,910,38,30 Minutes
Doors_IntSgl,910x2110mm,910,38,30 Minutes
Doors_IntSgl,910x2110mm,910,38,30 Minutes
Doors_IntSgl,910x2110mm,910,38,30 Minutes
Doors_IntSgl,910x2110mm,910,38,30 Minutes
Doors_IntSgl,910x2110mm,910,38,30 Minutes
Doors_IntSgl,910x2110mm,910,38,30 Minutes
Doors_IntSgl,910x2110mm,910,38,30 Minutes
Doors_IntSgl,910x2110mm,910,38,30 Minutes
Doors_IntSgl,910x2110mm,910,38,30 Minutes
Doors_IntSgl,910x2110mm,910,38,30 Minutes
Doors_IntSgl,910x2110mm,910,38,30 Minutes
Doors_IntSgl,910x2110mm,910,38,30 Minutes
Doors_IntSgl,910x2110mm,910,38,30 Minutes
Doors_IntSgl,910x2110mm,910,38,30 Minutes
Doors_IntSgl,910x2110mm,910,38,30 Minutes
Doors_IntSgl,910x2110mm,910,38,30 Minutes
Doors_IntSgl,910x2110mm,910,38,30 Minutes
Doors_IntSgl,910x2110mm,910,38,30 Minutes
Doors_IntSgl,910x2110mm,910,38,30 Minutes
Doors_IntSgl,910x2110mm,910,38,30 Minutes
Doors_IntSgl,910x2110mm,910,38,30 Minutes
Doors_IntSgl,910x2110mm,910,38,30 Minutes
Doors_IntSgl,910x2110mm,910,38,30 Minutes
Doors_IntSgl,910x2110mm,910,38,30 Minutes
Doors_IntSgl,910x2110mm,910,38,30 Minutes
Doors_IntSgl,910x2110mm,910,38,30 Minutes
Doors_IntSgl,910x2110mm,910,38,30 Minutes
Doors_IntSgl,910x2110mm,910,38,30 Minutes
Doors_IntSgl,910x2110mm,910,38,30 Minutes
Doors_IntSgl,910x2110mm,910,38,30 Minutes
Doors_IntSgl,910x2110mm,910,38,30 Minutes
Doors_IntSgl,910x2110mm,910,38,30 Minutes
Doors_IntSgl,910x2110mm,910,38,30 Minutes
Doors_IntSgl,910x2110mm,910,38,30 Minutes
Doors_IntSgl,910x2110mm,910,38,30 Minutes
Doors_IntSgl,910x2110mm,910,38,30 Minutes
Doors_IntSgl,910x2110mm,910,38,30 Minutes
Doors_IntSgl,910x2110mm,910,38,30 Minutes
Doors_IntSgl,910x2110mm,910,38,30 Minutes
Doors_IntSgl,910x2110mm,910,38,30 Minutes
Doors_IntSgl,910x2110mm,910,38,30 Minutes
Doors_IntSgl,910x2110mm,910,38,30 Minutes
Doors_IntSgl,910x2110mm,910,38,30 Minutes
IntDbl (1),1510 x 2110mm,1510,32,30 Minutes
IntDbl (1),1510 x 2110mm,1510,32,30 Minutes
Doors_IntSgl,810x2110mm,810,38,30 Minutes
Doors_GEALAN_S9000_Double-Vent-Door,Doors_GEALAN_S9000_Double-Vent-Door,2020,,30 Minutes
Doors_GEALAN_S9000_Double-Vent-Door,Doors_GEALAN_S9000_Double-Vent-Door,2020,,30 Minutes
Doors_GEALAN_S9000_Double-Vent-Door,Doors_GEALAN_S9000_Double-Vent-Door,2020,,30 Minutes
Aluprof_MB-86-ST-AD14_E_Alu_Sgl-Panel-Door-Inward-Opening_ENG_R-00331,900 x 2100 mm,1106,77,30 Minutes
Doors_IntSgl,810x2110mm,810,38,30 Minutes
Doors_IntSgl,910x2110mm,910,38,30 Minutes
Aluprof_MB-86-ST-AD14_E_Alu_Sgl-Panel-Door-Inward-Opening_ENG_R-00331,900 x 2100 mm,1106,77,30 Minutes
Doors_IntSgl,910x2110mm,910,38,30 Minutes
Doors_IntSgl,910x2110mm,910,38,30 Minutes
Doors_IntSgl,910x2110mm,910,38,30 Minutes
Doors_IntSgl,910x2110mm,910,38,30 Minutes
Doors_IntSgl,910x2110mm,910,38,30 Minutes
Doors_IntSgl,910x2110mm,910,38,30 Minutes
Doors_IntSgl,910x2110mm,910,38,30 Minutes
Doors_IntSgl,910x2110mm,910,38,30 Minutes
Doors_IntSgl,910x2110mm,910,38,30 Minutes
IntDbl (1),1510 x 2110mm,1510,32,30 Minutes
IntDbl (1),1510 x 2110mm,1510,32,30 Minutes
IntDbl (1),1510 x 2110mm,1510,32,30 Minutes
Doors_IntSgl,910x2110mm,910,38,30 Minutes
Doors_IntSgl,910x2110mm,910,38,30 Minutes
Doors_IntSgl,910x2110mm,910,38,30 Minutes
Doors_IntSgl,910x2110mm,910,38,30 Minutes
Doors_IntSgl,910x2110mm,910,38,30 Minutes
Doors_IntSgl,910x2110mm,910,38,30 Minutes
Doors_IntSgl,910x2110mm,910,38,30 Minutes
Doors_IntSgl,910x2110mm,910,38,30 Minutes
Doors_IntSgl,910x2110mm,910,38,30 Minutes
Doors_IntSgl,910x2110mm,910,38,30 Minutes
Doors_IntSgl,910x2110mm,910,38,30 Minutes
Doors_IntSgl,910x2110mm,910,38,30 Minutes
Doors_GEALAN_S9000_Double-Vent-Door,Doors_GEALAN_S9000_Double-Vent-Door,2020,,30 Minutes
Doors_GEALAN_S9000_Double-Vent-Door,Doors_GEALAN_S9000_Double-Vent-Door,2020,,30 Minutes
Doors_GEALAN_S9000_Double-Vent-Door,Doors_GEALAN_S9000_Double-Vent-Door,2020,,30 Minutes
Doors_GEALAN_S9000_Double-Vent-Door,Doors_GEALAN_S9000_Double-Vent-Door,2020,,30 Minutes
Doors_GEALAN_S9000_Double-Vent-Door,Doors_GEALAN_S9000_Double-Vent-Door,2020,,30 Minutes
Doors_GEALAN_S9000_Double-Vent-Door,Doors_GEALAN_S9000_Double-Vent-Door,2020,,30 Minutes
Doors_GEALAN_S9000_Double-Vent-Door,Doors_GEALAN_S9000_Double-Vent-Door,2020,,30 Minutes
Doors_GEALAN_S9000_Double-Vent-Door,Doors_GEALAN_S9000_Double-Vent-Door,2020,,30 Minutes
Doors_GEALAN_S9000_Double-Vent-Door,Doors_GEALAN_S9000_Double-Vent-Door,2020,,30 Minutes
Doors_GEALAN_S9000_Double-Vent-Door,Doors_GEALAN_S9000_Double-Vent-Door,2020,,30 Minutes
Doors_GEALAN_S9000_Double-Vent-Door,Doors_GEALAN_S9000_Double-Vent-Door,2020,,30 Minutes
Doors_GEALAN_S9000_Double-Vent-Door,Doors_GEALAN_S9000_Double-Vent-Door,2020,,30 Minutes
Doors_GEALAN_S9000_Double-Vent-Door,Doors_GEALAN_S9000_Double-Vent-Door,2020,,30 Minutes
Doors_GEALAN_S9000_Double-Vent-Door,Doors_GEALAN_S9000_Double-Vent-Door,2020,,30 Minutes
Doors_GEALAN_S9000_Double-Vent-Door,Doors_GEALAN_S9000_Double-Vent-Door,2020,,30 Minutes
Doors_GEALAN_S9000_Double-Vent-Door,Doors_GEALAN_S9000_Double-Vent-Door,2020,,30 Minutes
Doors_GEALAN_S9000_Double-Vent-Door,Doors_GEALAN_S9000_Double-Vent-Door,2020,,30 Minutes
Doors_GEALAN_S9000_Double-Vent-Door,Doors_GEALAN_S9000_Double-Vent-Door,2020,,30 Minutes
Doors_IntSgl,910x2110mm,910,38,30 Minutes
Doors_IntSgl,910x2110mm,910,38,30 Minutes
Doors_IntSgl,910x2110mm,910,38,30 Minutes
Doors_IntSgl,910x2110mm,910,38,30 Minutes
Doors_IntSgl,910x2110mm,910,38,30 Minutes
Doors_IntSgl,910x2110mm,910,38,30 Minutes
Doors_IntSgl,910x2110mm,910,38,30 Minutes
Doors_IntSgl,910x2110mm,910,38,30 Minutes
Doors_IntSgl,910x2110mm,910,38,30 Minutes
Doors_IntSgl,910x2110mm,910,38,30 Minutes
Doors_IntSgl,910x2110mm,910,38,30 Minutes
Doors_GEALAN_S9000_Double-Vent-Door,Doors_GEALAN_S9000_Double-Vent-Door,2020,,30 Minutes
Doors_GEALAN_S9000_Double-Vent-Door,Doors_GEALAN_S9000_Double-Vent-Door,2020,,30 Minutes
Doors_GEALAN_S9000_Double-Vent-Door,Doors_GEALAN_S9000_Double-Vent-Door,2020,,30 Minutes
Doors_IntSgl,810x2110mm,810,38,30 Minutes
Doors_IntSgl,810x2110mm,810,38,30 Minutes
Doors_IntSgl,810x2110mm,810,38,30 Minutes
Doors_IntSgl,810x2110mm,810,38,30 Minutes
Doors_IntSgl,810x2110mm,810,38,30 Minutes
Doors_IntSgl,810x2110mm,810,38,30 Minutes
Doors_IntSgl,810x2110mm,810,38,30 Minutes
Doors_IntSgl,810x2110mm,810,38,30 Minutes
Doors_IntSgl,810x2110mm,810,38,30 Minutes
Doors_IntSgl,810x2110mm,810,38,30 Minutes
Doors_IntSgl,810x2110mm,810,38,30 Minutes
Doors_GEALAN_S9000_Double-Vent-Door,Doors_GEALAN_S9000_Double-Vent-Door,2020,,30 Minutes
Doors_IntSgl,810x2110mm,810,38,30 Minutes
Doors_IntSgl,810x2110mm,810,38,30 Minutes
Doors_IntSgl,810x2110mm,810,38,30 Minutes
Doors_IntSgl,810x2110mm,810,38,30 Minutes
Doors_IntSgl,810x2110mm,810,38,30 Minutes
Doors_GEALAN_S9000_Double-Vent-Door,Doors_GEALAN_S9000_Double-Vent-Door,2020,,30 Minutes
Doors_GEALAN_S9000_Double-Vent-Door,Doors_GEALAN_S9000_Double-Vent-Door,2020,,30 Minutes
Doors_GEALAN_S9000_Double-Vent-Door,Doors_GEALAN_S9000_Double-Vent-Door,2020,,30 Minutes
Doors_GEALAN_S9000_Double-Vent-Door,Doors_GEALAN_S9000_Double-Vent-Door,2020,,30 Minutes
Doors_GEALAN_S9000_Double-Vent-Door,Doors_GEALAN_S9000_Double-Vent-Door,2020,,30 Minutes
IntDbl (1),1510 x 2110mm,1510,32,30 Minutes
IntDbl (1),1510 x 2110mm,1510,32,30 Minutes
Doors_GEALAN_S9000_Double-Vent-Door,Doors_GEALAN_S9000_Double-Vent-Door,2020,,30 Minutes
Doors_GEALAN_S9000_Double-Vent-Door,Doors_GEALAN_S9000_Double-Vent-Door,2020,,30 Minutes
Doors_IntSgl,810x2110mm,810,38,30 Minutes
Doors_IntSgl,810x2110mm,810,38,30 Minutes
Doors_IntSgl,810x2110mm,810,38,30 Minutes
IntDbl (1),1510 x 2110mm,1510,32,30 Minutes
IntDbl (1),1510 x 2110mm,1510,32,30 Minutes
IntSgl (2),810 x 2110mm,810,,30 Minutes
IntSgl (2),810 x 2110mm,810,,30 Minutes
IntSgl (2),810 x 2110mm,810,,30 Minutes
IntDbl (1),1510 x 2110mm,1510,32,30 Minutes
IntSgl (2),810 x 2110mm,810,,30 Minutes
IntSgl (2),810 x 2110mm,810,,30 Minutes
IntSgl (2),810 x 2110mm,810,,30 Minutes
Doors_GEALAN_S9000_Double-Vent-Door,Doors_GEALAN_S9000_Double-Vent-Door,2020,,30 Minutes
Doors_GEALAN_S9000_Double-Vent-Door,Doors_GEALAN_S9000_Double-Vent-Door,2020,,30 Minutes
Doors_GEALAN_S9000_Double-Vent-Door,Doors_GEALAN_S9000_Double-Vent-Door,2020,,30 Minutes
IntSgl (2),810 x 2110mm,810,,30 Minutes
IntSgl (2),810 x 2110mm,810,,30 Minutes
IntSgl (2),810 x 2110mm,810,,30 Minutes
IntSgl (2),810 x 2110mm,810,,30 Minutes
ExtDbl (2),1510 x 2110mm,1510,44,1 hour
ExtDbl (2),1510 x 2110mm,1510,44,1 hour
Doors_IntSgl,810x2110mm,810,38,30 Minutes
Doors_IntSgl,810x2110mm,810,38,30 Minutes
Doors_IntSgl,810x2110mm,810,38,30 Minutes
Doors_IntSgl,810x2110mm,810,38,30 Minutes
Doors_IntSgl,810x2110mm,810,38,30 Minutes
Doors_IntSgl,810x2110mm,810,38,30 Minutes
Doors_IntSgl,810x2110mm,810,38,30 Minutes
Doors_IntSgl,810x2110mm,810,38,30 Minutes
Doors_GEALAN_S9000_Double-Vent-Door,Doors_GEALAN_S9000_Double-Vent-Door,2020,,30 Minutes
Doors_GEALAN_S9000_Double-Vent-Door,Doors_GEALAN_S9000_Double-Vent-Door,2020,,30 Minutes
Doors_GEALAN_S9000_Double-Vent-Door,Doors_GEALAN_S9000_Double-Vent-Door,2020,,30 Minutes
Doors_GEALAN_S9000_Double-Vent-Door,Doors_GEALAN_S9000_Double-Vent-Door,2020,,30 Minutes
ExtDbl (2),1510 x 2110mm,1510,44,1 hour
ExtDbl (2),1510 x 2110mm,1510,44,1 hour
Doors_IntSgl,910x2110mm,910,38,30 Minutes
Doors_IntSgl,910x2110mm,910,38,30 Minutes
Doors_IntSgl,910x2110mm,910,38,30 Minutes
ExtDbl (2),1510 x 2110mm,1510,44,1 hour
ExtDbl (2),1510 x 2110mm,1510,44,1 hour
Doors_IntSgl,910x2110mm,910,38,30 Minutes
Doors_IntSgl,910x2110mm,910,38,30 Minutes
Doors_IntSgl,910x2110mm,910,38,30 Minutes
ExtDbl (2),1510 x 2110mm,1510,44,1 hour
ExtDbl (2),1510 x 2110mm,1510,44,1 hour
Doors_IntSgl,910x2110mm,910,38,30 Minutes
Doors_IntSgl,910x2110mm,910,38,30 Minutes
Doors_IntSgl,910x2110mm,910,38,30 Minutes
Doors_IntSgl,910x2110mm,910,38,30 Minutes
Doors_IntSgl,910x2110mm,910,38,30 Minutes
Doors_IntSgl,910x2110mm,910,38,30 Minutes
Doors_IntSgl,910x2110mm,910,38,30 Minutes
Doors_IntSgl,910x2110mm,910,38,30 Minutes
Doors_IntSgl,910x2110mm,910,38,30 Minutes
Doors_IntSgl,910x2110mm,910,38,30 Minutes
Doors_IntSgl,910x2110mm,910,38,30 Minutes
Doors_IntSgl,910x2110mm,910,38,30 Minutes
Doors_IntSgl,910x2110mm,910,38,30 Minutes
Doors_IntSgl,910x2110mm,910,38,30 Minutes
Doors_IntSgl,910x2110mm,910,38,30 Minutes
Doors_IntSgl,910x2110mm,910,38,30 Minutes
Doors_IntSgl,910x2110mm,910,38,30 Minutes
Doors_IntSgl,910x2110mm,910,38,30 Minutes
Doors_IntSgl,910x2110mm,910,38,30 Minutes
Doors_IntSgl,910x2110mm,910,38,30 Minutes
Doors_IntSgl,910x2110mm,910,38,30 Minutes
Doors_IntSgl,910x2110mm,910,38,30 Minutes
Doors_IntSgl,910x2110mm,910,38,30 Minutes
Doors_IntSgl,910x2110mm,910,38,30 Minutes
Aluprof_MB-86-ST-AD14_E_Alu_Sgl-Panel-Door-Inward-Opening_ENG_R-00331,900 x 2100 mm,1106,77,30 Minutes
Doors_IntSgl,910x2110mm,910,38,30 Minutes
Doors_IntSgl,910x2110mm,910,38,30 Minutes
Doors_IntSgl,910x2110mm,910,38,30 Minutes
Doors_IntSgl,910x2110mm,910,38,30 Minutes
Doors_IntSgl,910x2110mm,910,38,30 Minutes
Doors_IntSgl,910x2110mm,910,38,30 Minutes
Doors_IntSgl,910x2110mm,910,38,30 Minutes
Doors_IntSgl,910x2110mm,910,38,30 Minutes
Doors_IntSgl,910x2110mm,910,38,30 Minutes
Aluprof_MB-86-ST-AD14_E_Alu_Sgl-Panel-Door-Inward-Opening_ENG_R-00331,900 x 2100 mm,1106,77,30 Minutes
Doors_IntSgl,910x2110mm,910,38,30 Minutes
Doors_IntSgl,910x2110mm,910,38,30 Minutes
Doors_IntSgl,910x2110mm,910,38,30 Minutes
Doors_IntSgl,910x2110mm,910,38,30 Minutes
Doors_IntSgl,910x2110mm,910,38,30 Minutes
Doors_GEALAN_S9000_Double-Vent-Door,Doors_GEALAN_S9000_Double-Vent-Door,2020,,30 Minutes
Doors_GEALAN_S9000_Double-Vent-Door,Doors_GEALAN_S9000_Double-Vent-Door,2020,,30 Minutes
Doors_GEALAN_S9000_Double-Vent-Door,Doors_GEALAN_S9000_Double-Vent-Door,2020,,30 Minutes
Doors_IntSgl,810x2110mm,810,38,30 Minutes
Doors_IntSgl,810x2110mm,810,38,30 Minutes
Doors_IntSgl,810x2110mm,810,38,30 Minutes
Doors_IntSgl,810x2110mm,810,38,30 Minutes
Doors_IntSgl,810x2110mm,810,38,30 Minutes
Doors_IntSgl,810x2110mm,810,38,30 Minutes
Doors_IntSgl,810x2110mm,810,38,30 Minutes
Doors_GEALAN_S9000_Double-Vent-Door,Doors_GEALAN_S9000_Double-Vent-Door,2020,,30 Minutes
ExtDbl (2),1810 x 2110mm,1810,44,1 hour
Doors_GEALAN_S9000_Double-Vent-Door,Doors_GEALAN_S9000_Double-Vent-Door,2020,,30 Minutes
Doors_ExtDbl_Flush,1510x2110mm,1510,44,30 Minutes
Doors_ExtDbl_Flush,1510x2110mm,1510,44,30 Minutes
