Family,Type,Height,Level
fixed_window_9254,New single window,2100,1st Floor Level
fixed_window_9254,New single window 1800,2100,1st Floor Level
fixed_window_9254,New single window,2100,1st Floor Level
fixed_window_9254,New single window,2100,2nd Floor Level
fixed_window_9254,New single window 1800,2100,2nd Floor Level
fixed_window_9254,New single window,2100,3rd Floor Level
fixed_window_9254,New single window 1800,2100,3rd Floor Level
fixed_window_9254,New single window,2100,4th Floor Level
fixed_window_9254,New single window 1800,2100,4th Floor Level
fixed_window_9254,New single window,2100,5th Floor Level
fixed_window_9254,New single window 1800,2100,5th Floor Level
fixed_window_9254,New single window,2100,6th Floor Level
fixed_window_9254,New single window 1800,2100,6th Floor Level
fixed_window_9254,New single window,2100,7th Floor Level
fixed_window_9254,New single window 1800,2100,7th Floor Level
fixed_window_9254,New single window,2100,2nd Floor Level
fixed_window_9254,New single window,2100,3rd Floor Level
fixed_window_9254,New single window,2100,4th Floor Level
fixed_window_9254,New single window,2100,5th Floor Level
fixed_window_9254,New single window,2100,6th Floor Level
fixed_window_9254,New single window,2100,7th Floor Level
fixed_window_9254,New single window 1800,2100,1st Floor Level
fixed_window_9254,New single window,2100,1st Floor Level
fixed_window_9254,New single window,2100,1st Floor Level
fixed_window_9254,New single window 1800,2100,2nd Floor Level
fixed_window_9254,New single window,2100,2nd Floor Level
fixed_window_9254,New single window,2100,2nd Floor Level
fixed_window_9254,New single window 1800,2100,3rd Floor Level
fixed_window_9254,New single window,2100,3rd Floor Level
fixed_window_9254,New single window,2100,3rd Floor Level
fixed_window_9254,New single window 1800,2100,4th Floor Level
fixed_window_9254,New single window,2100,4th Floor Level
fixed_window_9254,New single window,2100,4th Floor Level
fixed_window_9254,New single window 1800,2100,5th Floor Level
fixed_window_9254,New single window,2100,5th Floor Level
fixed_window_9254,New single window,2100,5th Floor Level
fixed_window_9254,New single window 1800,2100,6th Floor Level
fixed_window_9254,New single window,2100,6th Floor Level
fixed_window_9254,New single window,2100,6th Floor Level
fixed_window_9254,New single window 1800,2100,7th Floor Level
fixed_window_9254,New single window,2100,7th Floor Level
fixed_window_9254,New single window,2100,7th Floor Level
fixed_window_9254,New single window 1800,2100,1st Floor Level
fixed_window_9254,New single window,2100,1st Floor Level
fixed_window_9254,New single window,2100,1st Floor Level
fixed_window_9254,New single window 1800,2100,2nd Floor Level
fixed_window_9254,New single window,2100,2nd Floor Level
fixed_window_9254,New single window,2100,2nd Floor Level
fixed_window_9254,New single window 1800,2100,3rd Floor Level
fixed_window_9254,New single window,2100,3rd Floor Level
fixed_window_9254,New single window,2100,3rd Floor Level
fixed_window_9254,New single window 1800,2100,4th Floor Level
fixed_window_9254,New single window,2100,4th Floor Level
fixed_window_9254,New single window,2100,4th Floor Level
fixed_window_9254,New single window 1800,2100,5th Floor Level
fixed_window_9254,New single window,2100,5th Floor Level
fixed_window_9254,New single window,2100,5th Floor Level
fixed_window_9254,New single window 1800,2100,6th Floor Level
fixed_window_9254,New single window,2100,6th Floor Level
fixed_window_9254,New single window,2100,6th Floor Level
fixed_window_9254,New single window 1800,2100,7th Floor Level
fixed_window_9254,New single window,2100,7th Floor Level
fixed_window_9254,New single window,2100,7th Floor Level
fixed_window_9254,New single window,2100,1st Floor Level
fixed_window_9254,New single window,2100,1st Floor Level
fixed_window_9254,New single window,2100,2nd Floor Level
fixed_window_9254,New single window,2100,2nd Floor Level
fixed_window_9254,New single window,2100,3rd Floor Level
fixed_window_9254,New single window,2100,3rd Floor Level
fixed_window_9254,New single window,2100,4th Floor Level
fixed_window_9254,New single window,2100,4th Floor Level
fixed_window_9254,New single window,2100,5th Floor Level
fixed_window_9254,New single window,2100,5th Floor Level
fixed_window_9254,New single window,2100,6th Floor Level
fixed_window_9254,New single window,2100,6th Floor Level
fixed_window_9254,New single window,2100,7th Floor Level
fixed_window_9254,New single window,2100,7th Floor Level
fixed_window_9254,New single window,2100,1st Floor Level
fixed_window_9254,New single window,2100,1st Floor Level
fixed_window_9254,New single window 1800,2100,1st Floor Level
fixed_window_9254,New single window,2100,1st Floor Level
fixed_window_9254,New single window 1800,2100,1st Floor Level
fixed_window_9254,New single window,2100,1st Floor Level
fixed_window_9254,New single window,2100,2nd Floor Level
fixed_window_9254,New single window,2100,2nd Floor Level
fixed_window_9254,New single window 1800,2100,2nd Floor Level
fixed_window_9254,New single window,2100,2nd Floor Level
fixed_window_9254,New single window 1800,2100,2nd Floor Level
fixed_window_9254,New single window,2100,2nd Floor Level
fixed_window_9254,New single window,2100,3rd Floor Level
fixed_window_9254,New single window,2100,3rd Floor Level
fixed_window_9254,New single window 1800,2100,3rd Floor Level
fixed_window_9254,New single window,2100,3rd Floor Level
fixed_window_9254,New single window 1800,2100,3rd Floor Level
fixed_window_9254,New single window,2100,3rd Floor Level
fixed_window_9254,New single window,2100,4th Floor Level
fixed_window_9254,New single window,2100,4th Floor Level
fixed_window_9254,New single window 1800,2100,4th Floor Level
fixed_window_9254,New single window,2100,4th Floor Level
fixed_window_9254,New single window 1800,2100,4th Floor Level
fixed_window_9254,New single window,2100,4th Floor Level
fixed_window_9254,New single window,2100,5th Floor Level
fixed_window_9254,New single window,2100,5th Floor Level
fixed_window_9254,New single window 1800,2100,5th Floor Level
fixed_window_9254,New single window,2100,5th Floor Level
fixed_window_9254,New single window 1800,2100,5th Floor Level
fixed_window_9254,New single window,2100,5th Floor Level
fixed_window_9254,New single window,2100,6th Floor Level
fixed_window_9254,New single window,2100,6th Floor Level
fixed_window_9254,New single window 1800,2100,6th Floor Level
fixed_window_9254,New single window,2100,6th Floor Level
fixed_window_9254,New single window 1800,2100,6th Floor Level
fixed_window_9254,New single window,2100,6th Floor Level
fixed_window_9254,New single window,2100,7th Floor Level
fixed_window_9254,New single window,2100,7th Floor Level
fixed_window_9254,New single window 1800,2100,7th Floor Level
fixed_window_9254,New single window,2100,7th Floor Level
fixed_window_9254,New single window 1800,2100,7th Floor Level
fixed_window_9254,New single window,2100,7th Floor Level
fixed_window_9254,New single window,2100,1st Floor Level
fixed_window_9254,New single window,2100,2nd Floor Level
fixed_window_9254,New single window,2100,3rd Floor Level
fixed_window_9254,New single window,2100,4th Floor Level
fixed_window_9254,New single window,2100,5th Floor Level
fixed_window_9254,New single window,2100,6th Floor Level
fixed_window_9254,New single window,2100,7th Floor Level
fixed_window_9254,New single window,2100,1st Floor Level
fixed_window_9254,New single window,2100,1st Floor Level
fixed_window_9254,New single window,2100,1st Floor Level
fixed_window_9254,New single window,2100,1st Floor Level
fixed_window_9254,New single window,2100,1st Floor Level
fixed_window_9254,New single window,2100,1st Floor Level
fixed_window_9254,New single window,2100,1st Floor Level
fixed_window_9254,New single window,2100,1st Floor Level
Windows_Sgl_Plain,910x1210mm,1210,1st Floor Level
fixed_window_9254,New single window,2100,1st Floor Level
fixed_window_9254,New single window,2100,1st Floor Level
fixed_window_9254,New single window,2100,1st Floor Level
fixed_window_9254,New single window,2100,1st Floor Level
fixed_window_9254,New single window 1800,2100,1st Floor Level
fixed_window_9254,New single window,2100,1st Floor Level
fixed_window_9254,New single window,2100,2nd Floor Level
fixed_window_9254,New single window,2100,2nd Floor Level
fixed_window_9254,New single window,2100,2nd Floor Level
fixed_window_9254,New single window,2100,2nd Floor Level
fixed_window_9254,New single window,2100,2nd Floor Level
fixed_window_9254,New single window,2100,2nd Floor Level
fixed_window_9254,New single window,2100,2nd Floor Level
Windows_Sgl_Plain,910x1210mm,1210,2nd Floor Level
fixed_window_9254,New single window,2100,2nd Floor Level
fixed_window_9254,New single window,2100,2nd Floor Level
fixed_window_9254,New single window,2100,2nd Floor Level
fixed_window_9254,New single window,2100,2nd Floor Level
fixed_window_9254,New single window,2100,3rd Floor Level
fixed_window_9254,New single window,2100,3rd Floor Level
fixed_window_9254,New single window,2100,3rd Floor Level
fixed_window_9254,New single window,2100,3rd Floor Level
fixed_window_9254,New single window,2100,3rd Floor Level
fixed_window_9254,New single window,2100,3rd Floor Level
fixed_window_9254,New single window,2100,3rd Floor Level
Windows_Sgl_Plain,910x1210mm,1210,3rd Floor Level
fixed_window_9254,New single window,2100,3rd Floor Level
fixed_window_9254,New single window,2100,3rd Floor Level
fixed_window_9254,New single window,2100,3rd Floor Level
fixed_window_9254,New single window,2100,3rd Floor Level
fixed_window_9254,New single window,2100,4th Floor Level
fixed_window_9254,New single window,2100,4th Floor Level
fixed_window_9254,New single window,2100,4th Floor Level
fixed_window_9254,New single window,2100,4th Floor Level
fixed_window_9254,New single window,2100,4th Floor Level
fixed_window_9254,New single window,2100,4th Floor Level
fixed_window_9254,New single window,2100,4th Floor Level
Windows_Sgl_Plain,910x1210mm,1210,4th Floor Level
fixed_window_9254,New single window,2100,4th Floor Level
fixed_window_9254,New single window,2100,4th Floor Level
fixed_window_9254,New single window,2100,4th Floor Level
fixed_window_9254,New single window,2100,4th Floor Level
fixed_window_9254,New single window,2100,5th Floor Level
fixed_window_9254,New single window,2100,5th Floor Level
fixed_window_9254,New single window,2100,5th Floor Level
fixed_window_9254,New single window,2100,5th Floor Level
fixed_window_9254,New single window,2100,5th Floor Level
fixed_window_9254,New single window,2100,5th Floor Level
fixed_window_9254,New single window,2100,5th Floor Level
Windows_Sgl_Plain,910x1210mm,1210,5th Floor Level
fixed_window_9254,New single window,2100,5th Floor Level
fixed_window_9254,New single window,2100,5th Floor Level
fixed_window_9254,New single window,2100,5th Floor Level
fixed_window_9254,New single window,2100,5th Floor Level
fixed_window_9254,New single window,2100,6th Floor Level
fixed_window_9254,New single window,2100,6th Floor Level
fixed_window_9254,New single window,2100,6th Floor Level
fixed_window_9254,New single window,2100,6th Floor Level
fixed_window_9254,New single window,2100,6th Floor Level
fixed_window_9254,New single window,2100,6th Floor Level
fixed_window_9254,New single window,2100,6th Floor Level
Windows_Sgl_Plain,910x1210mm,1210,6th Floor Level
fixed_window_9254,New single window,2100,6th Floor Level
fixed_window_9254,New single window,2100,6th Floor Level
fixed_window_9254,New single window,2100,6th Floor Level
fixed_window_9254,New single window,2100,6th Floor Level
fixed_window_9254,New single window,2100,7th Floor Level
fixed_window_9254,New single window,2100,7th Floor Level
fixed_window_9254,New single window,2100,7th Floor Level
fixed_window_9254,New single window,2100,7th Floor Level
fixed_window_9254,New single window,2100,7th Floor Level
fixed_window_9254,New single window,2100,7th Floor Level
fixed_window_9254,New single window,2100,7th Floor Level
Windows_Sgl_Plain,910x1210mm,1210,7th Floor Level
fixed_window_9254,New single window,2100,7th Floor Level
fixed_window_9254,New single window,2100,7th Floor Level
fixed_window_9254,New single window,2100,7th Floor Level
fixed_window_9254,New single window,2100,7th Floor Level
fixed_window_9254,New single window,2100,1st Floor Level
fixed_window_9254,New single window,2100,1st Floor Level
fixed_window_9254,New single window 1800,2100,1st Floor Level
fixed_window_9254,New single window,2100,1st Floor Level
fixed_window_9254,New single window,2100,1st Floor Level
fixed_window_9254,New single window 1800,2100,1st Floor Level
fixed_window_9254,New single window,2100,1st Floor Level
fixed_window_9254,New single window 1800,2100,1st Floor Level
fixed_window_9254,New single window,2100,1st Floor Level
fixed_window_9254,New single window 1800,2100,1st Floor Level
fixed_window_9254,New single window,2100,1st Floor Level
fixed_window_9254,New single window,2100,1st Floor Level
fixed_window_9254,New single window 1800,2100,1st Floor Level
fixed_window_9254,New single window 1800,2100,1st Floor Level
fixed_window_9254,New single window,2100,1st Floor Level
fixed_window_9254,New single window,2100,1st Floor Level
fixed_window_9254,New single window,2100,1st Floor Level
fixed_window_9254,New single window,2100,1st Floor Level
fixed_window_9254,New single window 1800,2100,1st Floor Level
fixed_window_9254,New single window,2100,2nd Floor Level
fixed_window_9254,New single window,2100,2nd Floor Level
fixed_window_9254,New single window 1800,2100,2nd Floor Level
fixed_window_9254,New single window,2100,2nd Floor Level
fixed_window_9254,New single window,2100,2nd Floor Level
fixed_window_9254,New single window 1800,2100,2nd Floor Level
fixed_window_9254,New single window,2100,2nd Floor Level
fixed_window_9254,New single window 1800,2100,2nd Floor Level
fixed_window_9254,New single window,2100,2nd Floor Level
fixed_window_9254,New single window 1800,2100,2nd Floor Level
fixed_window_9254,New single window,2100,2nd Floor Level
fixed_window_9254,New single window,2100,2nd Floor Level
fixed_window_9254,New single window,2100,2nd Floor Level
fixed_window_9254,New single window,2100,2nd Floor Level
fixed_window_9254,New single window 1800,2100,2nd Floor Level
fixed_window_9254,New single window,2100,3rd Floor Level
fixed_window_9254,New single window,2100,3rd Floor Level
fixed_window_9254,New single window 1800,2100,3rd Floor Level
fixed_window_9254,New single window,2100,3rd Floor Level
fixed_window_9254,New single window,2100,3rd Floor Level
fixed_window_9254,New single window 1800,2100,3rd Floor Level
fixed_window_9254,New single window,2100,3rd Floor Level
fixed_window_9254,New single window 1800,2100,3rd Floor Level
fixed_window_9254,New single window,2100,3rd Floor Level
fixed_window_9254,New single window 1800,2100,3rd Floor Level
fixed_window_9254,New single window,2100,3rd Floor Level
fixed_window_9254,New single window,2100,3rd Floor Level
fixed_window_9254,New single window,2100,3rd Floor Level
fixed_window_9254,New single window,2100,3rd Floor Level
fixed_window_9254,New single window 1800,2100,3rd Floor Level
fixed_window_9254,New single window,2100,4th Floor Level
fixed_window_9254,New single window,2100,4th Floor Level
fixed_window_9254,New single window 1800,2100,4th Floor Level
fixed_window_9254,New single window,2100,4th Floor Level
fixed_window_9254,New single window,2100,4th Floor Level
fixed_window_9254,New single window 1800,2100,4th Floor Level
fixed_window_9254,New single window,2100,4th Floor Level
fixed_window_9254,New single window 1800,2100,4th Floor Level
fixed_window_9254,New single window,2100,4th Floor Level
fixed_window_9254,New single window 1800,2100,4th Floor Level
fixed_window_9254,New single window,2100,4th Floor Level
fixed_window_9254,New single window,2100,4th Floor Level
fixed_window_9254,New single window,2100,4th Floor Level
fixed_window_9254,New single window,2100,4th Floor Level
fixed_window_9254,New single window 1800,2100,4th Floor Level
fixed_window_9254,New single window,2100,5th Floor Level
fixed_window_9254,New single window,2100,5th Floor Level
fixed_window_9254,New single window 1800,2100,5th Floor Level
fixed_window_9254,New single window,2100,5th Floor Level
fixed_window_9254,New single window,2100,5th Floor Level
fixed_window_9254,New single window 1800,2100,5th Floor Level
fixed_window_9254,New single window,2100,5th Floor Level
fixed_window_9254,New single window 1800,2100,5th Floor Level
fixed_window_9254,New single window,2100,5th Floor Level
fixed_window_9254,New single window 1800,2100,5th Floor Level
fixed_window_9254,New single window,2100,5th Floor Level
fixed_window_9254,New single window,2100,5th Floor Level
fixed_window_9254,New single window,2100,5th Floor Level
fixed_window_9254,New single window,2100,5th Floor Level
fixed_window_9254,New single window 1800,2100,5th Floor Level
fixed_window_9254,New single window,2100,6th Floor Level
fixed_window_9254,New single window,2100,6th Floor Level
fixed_window_9254,New single window 1800,2100,6th Floor Level
fixed_window_9254,New single window,2100,6th Floor Level
fixed_window_9254,New single window,2100,6th Floor Level
fixed_window_9254,New single window 1800,2100,6th Floor Level
fixed_window_9254,New single window,2100,6th Floor Level
fixed_window_9254,New single window 1800,2100,6th Floor Level
fixed_window_9254,New single window,2100,6th Floor Level
fixed_window_9254,New single window 1800,2100,6th Floor Level
fixed_window_9254,New single window,2100,6th Floor Level
fixed_window_9254,New single window,2100,6th Floor Level
fixed_window_9254,New single window,2100,6th Floor Level
fixed_window_9254,New single window,2100,6th Floor Level
fixed_window_9254,New single window 1800,2100,6th Floor Level
fixed_window_9254,New single window,2100,7th Floor Level
fixed_window_9254,New single window,2100,7th Floor Level
fixed_window_9254,New single window 1800,2100,7th Floor Level
fixed_window_9254,New single window,2100,7th Floor Level
fixed_window_9254,New single window,2100,7th Floor Level
fixed_window_9254,New single window 1800,2100,7th Floor Level
fixed_window_9254,New single window,2100,7th Floor Level
fixed_window_9254,New single window 1800,2100,7th Floor Level
fixed_window_9254,New single window,2100,7th Floor Level
fixed_window_9254,New single window 1800,2100,7th Floor Level
fixed_window_9254,New single window,2100,7th Floor Level
fixed_window_9254,New single window,2100,7th Floor Level
fixed_window_9254,New single window,2100,7th Floor Level
fixed_window_9254,New single window,2100,7th Floor Level
fixed_window_9254,New single window 1800,2100,7th Floor Level
fixed_window_9254,New single window 1800,2100,2nd Floor Level
fixed_window_9254,New single window 1800,2100,2nd Floor Level
fixed_window_9254,New single window,2100,2nd Floor Level
fixed_window_9254,New single window,2100,2nd Floor Level
fixed_window_9254,New single window 1800,2100,3rd Floor Level
fixed_window_9254,New single window 1800,2100,3rd Floor Level
fixed_window_9254,New single window,2100,3rd Floor Level
fixed_window_9254,New single window,2100,3rd Floor Level
fixed_window_9254,New single window 1800,2100,4th Floor Level
fixed_window_9254,New single window 1800,2100,4th Floor Level
fixed_window_9254,New single window,2100,4th Floor Level
fixed_window_9254,New single window,2100,4th Floor Level
fixed_window_9254,New single window 1800,2100,5th Floor Level
fixed_window_9254,New single window 1800,2100,5th Floor Level
fixed_window_9254,New single window,2100,5th Floor Level
fixed_window_9254,New single window,2100,5th Floor Level
fixed_window_9254,New single window 1800,2100,6th Floor Level
fixed_window_9254,New single window 1800,2100,6th Floor Level
fixed_window_9254,New single window,2100,6th Floor Level
fixed_window_9254,New single window,2100,6th Floor Level
fixed_window_9254,New single window 1800,2100,7th Floor Level
fixed_window_9254,New single window 1800,2100,7th Floor Level
fixed_window_9254,New single window,2100,7th Floor Level
fixed_window_9254,New single window,2100,7th Floor Level
fixed_window_9254,New single window,2100,1st Floor Level
fixed_window_9254,New single window 1800,2100,1st Floor Level
fixed_window_9254,New single window 1800,2100,1st Floor Level
fixed_window_9254,New single window,2100,1st Floor Level
fixed_window_9254,New single window 1800,2100,2nd Floor Level
fixed_window_9254,New single window 1800,2100,3rd Floor Level
fixed_window_9254,New single window 1800,2100,4th Floor Level
fixed_window_9254,New single window 1800,2100,5th Floor Level
fixed_window_9254,New single window 1800,2100,6th Floor Level
fixed_window_9254,New single window 1800,2100,7th Floor Level
fixed_window_9254,New single window,2100,1st Floor Level
fixed_window_9254,New single window,2100,1st Floor Level
fixed_window_9254,New single window 1800,2100,1st Floor Level
fixed_window_9254,New single window,2100,1st Floor Level
fixed_window_9254,New single window,2100,2nd Floor Level
fixed_window_9254,New single window 1800,2100,2nd Floor Level
fixed_window_9254,New single window,2100,2nd Floor Level
fixed_window_9254,New single window,2100,2nd Floor Level
fixed_window_9254,New single window,2100,2nd Floor Level
fixed_window_9254,New single window 1800,2100,2nd Floor Level
fixed_window_9254,New single window,2100,2nd Floor Level
fixed_window_9254,New single window,2100,3rd Floor Level
fixed_window_9254,New single window 1800,2100,3rd Floor Level
fixed_window_9254,New single window,2100,3rd Floor Level
fixed_window_9254,New single window,2100,3rd Floor Level
fixed_window_9254,New single window,2100,3rd Floor Level
fixed_window_9254,New single window 1800,2100,3rd Floor Level
fixed_window_9254,New single window,2100,3rd Floor Level
fixed_window_9254,New single window,2100,4th Floor Level
fixed_window_9254,New single window 1800,2100,4th Floor Level
fixed_window_9254,New single window,2100,4th Floor Level
fixed_window_9254,New single window,2100,4th Floor Level
fixed_window_9254,New single window,2100,4th Floor Level
fixed_window_9254,New single window 1800,2100,4th Floor Level
fixed_window_9254,New single window,2100,4th Floor Level
fixed_window_9254,New single window,2100,5th Floor Level
fixed_window_9254,New single window 1800,2100,5th Floor Level
fixed_window_9254,New single window,2100,5th Floor Level
fixed_window_9254,New single window,2100,5th Floor Level
fixed_window_9254,New single window,2100,5th Floor Level
fixed_window_9254,New single window 1800,2100,5th Floor Level
fixed_window_9254,New single window,2100,5th Floor Level
fixed_window_9254,New single window,2100,6th Floor Level
fixed_window_9254,New single window 1800,2100,6th Floor Level
fixed_window_9254,New single window,2100,6th Floor Level
fixed_window_9254,New single window,2100,6th Floor Level
fixed_window_9254,New single window,2100,6th Floor Level
fixed_window_9254,New single window 1800,2100,6th Floor Level
fixed_window_9254,New single window,2100,6th Floor Level
fixed_window_9254,New single window,2100,7th Floor Level
fixed_window_9254,New single window 1800,2100,7th Floor Level
fixed_window_9254,New single window,2100,7th Floor Level
fixed_window_9254,New single window,2100,7th Floor Level
fixed_window_9254,New single window,2100,7th Floor Level
fixed_window_9254,New single window 1800,2100,7th Floor Level
fixed_window_9254,New single window,2100,7th Floor Level
fixed_window_9254,New single window 1800,2100,8th Floor Level
fixed_window_9254,New single window,2100,8th Floor Level
fixed_window_9254,New single window 1800,2100,8th Floor Level
fixed_window_9254,New single window,2100,8th Floor Level
fixed_window_9254,New single window 1800,2100,8th Floor Level
fixed_window_9254,New single window,2100,8th Floor Level
fixed_window_9254,New single window,2100,8th Floor Level
fixed_window_9254,New single window 1800,2100,9th Floor Level
fixed_window_9254,New single window,2100,9th Floor Level
fixed_window_9254,New single window 1800,2100,9th Floor Level
fixed_window_9254,New single window,2100,9th Floor Level
fixed_window_9254,New single window 1800,2100,9th Floor Level
fixed_window_9254,New single window,2100,9th Floor Level
fixed_window_9254,New single window,2100,9th Floor Level
fixed_window_9254,New single window 1800,2100,10th Floor Level
fixed_window_9254,New single window,2100,10th Floor Level
fixed_window_9254,New single window 1800,2100,10th Floor Level
fixed_window_9254,New single window,2100,10th Floor Level
fixed_window_9254,New single window 1800,2100,10th Floor Level
fixed_window_9254,New single window,2100,10th Floor Level
fixed_window_9254,New single window,2100,10th Floor Level
fixed_window_9254,New single window 1800,2100,11th Floor Level
fixed_window_9254,New single window,2100,11th Floor Level
fixed_window_9254,New single window 1800,2100,11th Floor Level
fixed_window_9254,New single window,2100,11th Floor Level
fixed_window_9254,New single window 1800,2100,11th Floor Level
fixed_window_9254,New single window,2100,11th Floor Level
fixed_window_9254,New single window,2100,11th Floor Level
fixed_window_9254,New single window 1800,2100,9th Floor Level
fixed_window_9254,New single window 1800,2100,8th Floor Level
fixed_window_9254,New single window 1800,2100,7th Floor Level
fixed_window_9254,New single window 1800,2100,6th Floor Level
fixed_window_9254,New single window 1800,2100,5th Floor Level
fixed_window_9254,New single window 1800,2100,4th Floor Level
fixed_window_9254,New single window 1800,2100,3rd Floor Level
fixed_window_9254,New single window 1800,2100,2nd Floor Level
fixed_window_9254,New single window 1800,2100,10th Floor Level
fixed_window_9254,New single window 1800,2100,11th Floor Level
fixed_window_9254,New single window 1300,2100,1st Floor Level
fixed_window_9254,New single window 1300,2100,2nd Floor Level
fixed_window_9254,New single window 1300,2100,3rd Floor Level
fixed_window_9254,New single window 1300,2100,4th Floor Level
fixed_window_9254,New single window 1300,2100,5th Floor Level
fixed_window_9254,New single window 1300,2100,6th Floor Level
fixed_window_9254,New single window 1300,2100,7th Floor Level
fixed_window_9254,New single window 1300,2100,8th Floor Level
fixed_window_9254,New single window 1300,2100,9th Floor Level
fixed_window_9254,New single window 1300,2100,10th Floor Level
fixed_window_9254,New single window 1300,2100,11th Floor Level
Windows_Sgl_Plain,1360x1210mm,1210,Town House Floor Level
Windows_Sgl_Plain,1360x1210mm,1210,Town House Floor Level
Windows_Sgl_Plain,1360x1210mm,1210,Town House Floor Level
Windows_Sgl_Plain,1360x1210mm,1210,Town House Floor Level
fixed_window_9254,New single window 1800,2100,1st Floor Level
fixed_window_9254,New single window 1800,2100,1st Floor Level
fixed_window_9254,New single window,2100,1st Floor Level
fixed_window_9254,New single window,2100,1st Floor Level
fixed_window_9254,New single window,2100,1st Floor Level
fixed_window_9254,New single window,2100,1st Floor Level
fixed_window_9254,New single window 1800,2100,2nd Floor Level
fixed_window_9254,New single window,2100,2nd Floor Level
fixed_window_9254,New single window,2100,2nd Floor Level
fixed_window_9254,New single window 1800,2100,3rd Floor Level
fixed_window_9254,New single window,2100,3rd Floor Level
fixed_window_9254,New single window,2100,3rd Floor Level
fixed_window_9254,New single window 1800,2100,4th Floor Level
fixed_window_9254,New single window,2100,4th Floor Level
fixed_window_9254,New single window,2100,4th Floor Level
fixed_window_9254,New single window 1800,2100,5th Floor Level
fixed_window_9254,New single window,2100,5th Floor Level
fixed_window_9254,New single window,2100,5th Floor Level
fixed_window_9254,New single window 1800,2100,6th Floor Level
fixed_window_9254,New single window,2100,6th Floor Level
fixed_window_9254,New single window,2100,6th Floor Level
fixed_window_9254,New single window 1800,2100,7th Floor Level
fixed_window_9254,New single window,2100,7th Floor Level
fixed_window_9254,New single window,2100,7th Floor Level
fixed_window_9254,New single window,2100,1st Floor Level
fixed_window_9254,New single window,2100,2nd Floor Level
fixed_window_9254,New single window,2100,3rd Floor Level
fixed_window_9254,New single window,2100,4th Floor Level
fixed_window_9254,New single window,2100,5th Floor Level
fixed_window_9254,New single window,2100,6th Floor Level
fixed_window_9254,New single window,2100,7th Floor Level
fixed_window_9254,New single window 1800,2100,2nd Floor Level
fixed_window_9254,New single window,2100,2nd Floor Level
fixed_window_9254,New single window,2100,2nd Floor Level
fixed_window_9254,New single window 1800,2100,3rd Floor Level
fixed_window_9254,New single window,2100,3rd Floor Level
fixed_window_9254,New single window,2100,3rd Floor Level
fixed_window_9254,New single window 1800,2100,4th Floor Level
fixed_window_9254,New single window,2100,4th Floor Level
fixed_window_9254,New single window,2100,4th Floor Level
fixed_window_9254,New single window 1800,2100,5th Floor Level
fixed_window_9254,New single window,2100,5th Floor Level
fixed_window_9254,New single window,2100,5th Floor Level
fixed_window_9254,New single window 1800,2100,6th Floor Level
fixed_window_9254,New single window,2100,6th Floor Level
fixed_window_9254,New single window,2100,6th Floor Level
fixed_window_9254,New single window 1800,2100,7th Floor Level
fixed_window_9254,New single window,2100,7th Floor Level
fixed_window_9254,New single window,2100,7th Floor Level
fixed_window_9254,New single window 1800,2100,8th Floor Level
fixed_window_9254,New single window 1800,2100,9th Floor Level
fixed_window_9254,New single window 1800,2100,10th Floor Level
fixed_window_9254,New single window 1800,2100,11th Floor Level
fixed_window_9254,New single window 1800,2100,8th Floor Level
fixed_window_9254,New single window 1800,2100,9th Floor Level
fixed_window_9254,New single window 1800,2100,10th Floor Level
fixed_window_9254,New single window 1800,2100,11th Floor Level
fixed_window_9254,New single window 1300,2100,8th Floor Level
fixed_window_9254,New single window 1800,2100,8th Floor Level
fixed_window_9254,New single window 1800,2100,8th Floor Level
fixed_window_9254,New single window 1800,2100,8th Floor Level
fixed_window_9254,New single window 1300,2100,8th Floor Level
fixed_window_9254,New single window 1800,2100,8th Floor Level
fixed_window_9254,New single window 1300,2100,8th Floor Level
fixed_window_9254,New single window 1800,2100,8th Floor Level
fixed_window_9254,New single window 1800,2100,8th Floor Level
fixed_window_9254,New single window 1800,2100,8th Floor Level
fixed_window_9254,New single window 1300,2100,9th Floor Level
fixed_window_9254,New single window 1800,2100,9th Floor Level
fixed_window_9254,New single window 1800,2100,9th Floor Level
fixed_window_9254,New single window 1800,2100,9th Floor Level
fixed_window_9254,New single window 1300,2100,9th Floor Level
fixed_window_9254,New single window 1800,2100,9th Floor Level
fixed_window_9254,New single window 1300,2100,9th Floor Level
fixed_window_9254,New single window 1800,2100,9th Floor Level
fixed_window_9254,New single window 1800,2100,9th Floor Level
fixed_window_9254,New single window 1800,2100,9th Floor Level
fixed_window_9254,New single window 1300,2100,10th Floor Level
fixed_window_9254,New single window 1800,2100,10th Floor Level
fixed_window_9254,New single window 1800,2100,10th Floor Level
fixed_window_9254,New single window 1800,2100,10th Floor Level
fixed_window_9254,New single window 1300,2100,10th Floor Level
fixed_window_9254,New single window 1800,2100,10th Floor Level
fixed_window_9254,New single window 1300,2100,10th Floor Level
fixed_window_9254,New single window 1800,2100,10th Floor Level
fixed_window_9254,New single window 1800,2100,10th Floor Level
fixed_window_9254,New single window 1800,2100,10th Floor Level
fixed_window_9254,New single window 1300,2100,11th Floor Level
fixed_window_9254,New single window 1800,2100,11th Floor Level
fixed_window_9254,New single window 1800,2100,11th Floor Level
fixed_window_9254,New single window 1800,2100,11th Floor Level
fixed_window_9254,New single window 1300,2100,11th Floor Level
fixed_window_9254,New single window 1800,2100,11th Floor Level
fixed_window_9254,New single window 1300,2100,11th Floor Level
fixed_window_9254,New single window 1800,2100,11th Floor Level
fixed_window_9254,New single window 1800,2100,11th Floor Level
fixed_window_9254,New single window 1800,2100,11th Floor Level
fixed_window_9254,New single window 1800,2100,7th Floor Level
fixed_window_9254,New single window 1800,2100,5th Floor Level
fixed_window_9254,New single window 1800,2100,4th Floor Level
fixed_window_9254,New single window 1800,2100,3rd Floor Level
fixed_window_9254,New single window 1800,2100,2nd Floor Level
fixed_window_9254,New single window 1800,2100,1st Floor Level
fixed_window_9254,New single window 1800,2100,6th Floor Level
fixed_window_9254,New single window 1800,2100,Ground Floor Plan
fixed_window_9254,New single window 1300,2100,Ground Floor Plan
fixed_window_9254,New single window 1800,2100,2nd Floor Level
fixed_window_9254,New single window,2100,2nd Floor Level
fixed_window_9254,New single window 1800,2100,3rd Floor Level
fixed_window_9254,New single window,2100,3rd Floor Level
fixed_window_9254,New single window 1800,2100,4th Floor Level
fixed_window_9254,New single window,2100,4th Floor Level
fixed_window_9254,New single window 1800,2100,5th Floor Level
fixed_window_9254,New single window,2100,5th Floor Level
fixed_window_9254,New single window 1800,2100,6th Floor Level
fixed_window_9254,New single window,2100,6th Floor Level
fixed_window_9254,New single window 1800,2100,7th Floor Level
fixed_window_9254,New single window,2100,7th Floor Level
fixed_window_9254,New single window,2100,2nd Floor Level
fixed_window_9254,New single window,2100,3rd Floor Level
fixed_window_9254,New single window,2100,4th Floor Level
fixed_window_9254,New single window,2100,5th Floor Level
fixed_window_9254,New single window,2100,6th Floor Level
fixed_window_9254,New single window,2100,7th Floor Level
Windows_Sgl_Plain,1810x1500mm,1500,1st Floor Level
Windows_Sgl_Plain,1810x1500mm,1500,1st Floor Level
Windows_Sgl_Plain,1810x1500mm,1500,1st Floor Level
Windows_Sgl_Plain,1810x1500mm,1500,1st Floor Level
Windows_Sgl_Plain,1810x1500mm,1500,1st Floor Level
Windows_Sgl_Plain,1810x1500mm,1500,1st Floor Level
fixed_window_9254,New single window 1800,2100,Ground Floor Plan
fixed_window_9254,New single window 1800,2100,Ground Floor Plan
fixed_window_9254,New single window 1800,2100,Ground Floor Plan
fixed_window_9254,New single window 1800,2100,Ground Floor Plan
fixed_window_9254,New single window 1800,2100,Ground Floor Plan
fixed_window_9254,New single window 1800,2100,Ground Floor Plan
