Type,Family,Area,Height
Glazed,System Panel,5 m²,2325
Glazed,System Panel,3 m²,1470
Glazed,System Panel,3 m²,1470
Glazed,System Panel,3 m²,1470
BEN714_PT_05-20,Basic Wall,0 m²,2375
Glazed,System Panel,3 m²,2325
Glazed,System Panel,9 m²,3620
Glazed,System Panel,9 m²,3620
Glazed,System Panel,9 m²,3620
Glazed,System Panel,6 m²,2995
Glazed,System Panel,6 m²,2995
Glazed,System Panel,4 m²,2995
Glazed,System Panel,6 m²,2995
Glazed,System Panel,6 m²,2995
Glazed,System Panel,6 m²,2995
Glazed,System Panel,4 m²,2995
Glazed,System Panel,6 m²,2995
Glazed,System Panel,6 m²,2995
Glazed,System Panel,2 m²,2995
Glazed,System Panel,6 m²,2795
Glazed,System Panel,5 m²,2795
Glazed,System Panel,5 m²,2795
Glazed,System Panel,2 m²,2795
Glazed,System Panel,6 m²,2795
Glazed,System Panel,3 m²,2795
Glazed,System Panel,3 m²,2795
Glazed,System Panel,5 m²,2795
Glazed,System Panel,5 m²,2795
Glazed,System Panel,6 m²,2795
Glazed,System Panel,3 m²,2795
Glazed,System Panel,5 m²,2795
Glazed,System Panel,5 m²,2795
Glazed,System Panel,6 m²,2795
Glazed,System Panel,6 m²,2795
Glazed,System Panel,3 m²,2795
Glazed,System Panel,3 m²,2795
Glazed,System Panel,5 m²,2795
Glazed,System Panel,5 m²,2795
Glazed,System Panel,6 m²,2795
Glazed,System Panel,6 m²,2795
Glazed,System Panel,3 m²,2795
Glazed,System Panel,1 m²,950
Glazed,System Panel,2 m²,950
Glazed,System Panel,2 m²,950
Glazed,System Panel,2 m²,950
Glazed,System Panel,2 m²,950
Glazed,System Panel,1 m²,950
Glazed,System Panel,2 m²,950
Glazed,System Panel,2 m²,950
Glazed,System Panel,2 m²,950
Glazed,System Panel,1 m²,950
Glazed,System Panel,1 m²,950
Glazed,System Panel,2 m²,950
Glazed,System Panel,2 m²,950
Glazed,System Panel,2 m²,950
Glazed,System Panel,2 m²,950
Glazed,System Panel,1 m²,950
Glazed,System Panel,2 m²,850
Glazed,System Panel,2 m²,850
Glazed,System Panel,2 m²,850
Glazed,System Panel,1 m²,850
Glazed,System Panel,1 m²,950
Glazed,System Panel,2 m²,950
Glazed,System Panel,2 m²,950
Glazed,System Panel,2 m²,950
Glazed,System Panel,2 m²,950
Glazed,System Panel,1 m²,950
Glazed,System Panel,11 m²,8690
Glazed,System Panel,17 m²,8690
Glazed,System Panel,17 m²,8690
Glazed,System Panel,17 m²,8690
Glazed,System Panel,26 m²,12965
Glazed,System Panel,16 m²,12965
Glazed,System Panel,5 m²,2995
Glazed,System Panel,5 m²,2995
Glazed,System Panel,1 m²,950
Glazed,System Panel,1 m²,950
Glazed,System Panel,4 m²,2795
Glazed,System Panel,4 m²,2795
Glazed,System Panel,5 m²,2995
Glazed,System Panel,5 m²,2995
Glazed,System Panel,1 m²,950
Glazed,System Panel,1 m²,950
Glazed,System Panel,4 m²,2795
Glazed,System Panel,4 m²,2795
Glazed,System Panel,5 m²,2995
Glazed,System Panel,1 m²,950
Glazed,System Panel,4 m²,2795
Glazed,System Panel,5 m²,2995
Glazed,System Panel,1 m²,950
Glazed,System Panel,4 m²,2795
Glazed,System Panel,5 m²,2995
Glazed,System Panel,1 m²,950
Glazed,System Panel,4 m²,2795
Glazed,System Panel,5 m²,2995
Glazed,System Panel,1 m²,950
Glazed,System Panel,4 m²,2795
Glazed,System Panel,5 m²,2995
Glazed,System Panel,5 m²,2995
Glazed,System Panel,1 m²,950
Glazed,System Panel,1 m²,950
Glazed,System Panel,4 m²,2795
Glazed,System Panel,4 m²,2795
Glazed,System Panel,5 m²,2995
Glazed,System Panel,1 m²,950
Glazed,System Panel,4 m²,2795
Glazed,System Panel,5 m²,2995
Glazed,System Panel,1 m²,950
Glazed,System Panel,4 m²,2795
Glazed,System Panel,5 m²,2995
Glazed,System Panel,5 m²,2995
Glazed,System Panel,1 m²,950
Glazed,System Panel,1 m²,950
Glazed,System Panel,4 m²,2795
Glazed,System Panel,4 m²,2795
Glazed,System Panel,5 m²,2995
Glazed,System Panel,1 m²,950
Glazed,System Panel,4 m²,2795
Glazed,System Panel,5 m²,2995
Glazed,System Panel,1 m²,950
Glazed,System Panel,4 m²,2795
Glazed,System Panel,5 m²,2995
Glazed,System Panel,5 m²,2995
Glazed,System Panel,2 m²,950
Glazed,System Panel,1 m²,950
Glazed,System Panel,5 m²,2795
Glazed,System Panel,4 m²,2795
Glazed,System Panel,5 m²,2995
Glazed,System Panel,2 m²,950
Glazed,System Panel,5 m²,2795
Glazed,System Panel,4 m²,2770
Glazed,System Panel,4 m²,2770
Glazed,System Panel,4 m²,2770
Glazed,System Panel,4 m²,2770
Glazed,System Panel,4 m²,2770
Glazed,System Panel,4 m²,2770
Glazed,System Panel,4 m²,2770
Glazed,System Panel,4 m²,2770
Glazed,System Panel,4 m²,2770
Glazed,System Panel,4 m²,2770
Glazed,System Panel,4 m²,2770
Glazed,System Panel,4 m²,2770
Glazed,System Panel,4 m²,2770
Glazed,System Panel,4 m²,2770
Glazed,System Panel,4 m²,2770
Glazed,System Panel,4 m²,2770
Glazed,System Panel,5 m²,2770
Glazed,System Panel,4 m²,2770
Glazed,System Panel,5 m²,2770
Glazed,System Panel,4 m²,2995
Glazed,System Panel,3 m²,2795
Glazed,System Panel,1 m²,950
Glazed,System Panel,5 m²,2995
Glazed,System Panel,4 m²,2795
Glazed,System Panel,1 m²,950
Glazed,System Panel,5 m²,2995
Glazed,System Panel,1 m²,950
Glazed,System Panel,4 m²,2795
Glazed,System Panel,5 m²,2995
Glazed,System Panel,1 m²,950
Glazed,System Panel,4 m²,2795
Glazed,System Panel,5 m²,2995
Glazed,System Panel,1 m²,950
Glazed,System Panel,4 m²,2795
Glazed,System Panel,5 m²,2995
Glazed,System Panel,4 m²,2795
Glazed,System Panel,1 m²,950
Glazed,System Panel,5 m²,2995
Glazed,System Panel,1 m²,950
Glazed,System Panel,4 m²,2795
Glazed,System Panel,5 m²,2995
Glazed,System Panel,1 m²,950
Glazed,System Panel,4 m²,2795
Glazed,System Panel,5 m²,2995
Glazed,System Panel,1 m²,950
Glazed,System Panel,4 m²,2795
Glazed,System Panel,4 m²,2995
Glazed,System Panel,3 m²,2795
Glazed,System Panel,1 m²,950
Glazed,System Panel,4 m²,2995
Glazed,System Panel,1 m²,950
Glazed,System Panel,4 m²,2795
Glazed,System Panel,3 m²,2770
Glazed,System Panel,4 m²,2770
Glazed,System Panel,4 m²,2770
Glazed,System Panel,4 m²,2770
Glazed,System Panel,4 m²,2770
Glazed,System Panel,4 m²,2770
Glazed,System Panel,4 m²,2770
Glazed,System Panel,4 m²,2770
Glazed,System Panel,4 m²,2770
Glazed,System Panel,3 m²,2770
Glazed,System Panel,4 m²,2770
Glazed,System Panel,17 m²,15280
Glazed,System Panel,18 m²,15280
Glazed,System Panel,18 m²,15280
Glazed,System Panel,18 m²,15280
Glazed,System Panel,18 m²,15280
Glazed,System Panel,18 m²,15280
Empty,Empty System Panel,18 m²,15628
Empty,Empty System Panel,18 m²,15628
Empty,Empty System Panel,18 m²,15628
Empty,Empty System Panel,18 m²,15628
Empty,Empty System Panel,18 m²,15628
Empty,Empty System Panel,18 m²,15628
Glazed,System Panel,13 m²,13950
Glazed,System Panel,3 m²,2995
Glazed,System Panel,3 m²,2795
Glazed,System Panel,1 m²,950
Glazed,System Panel,3 m²,2995
Glazed,System Panel,3 m²,2795
Glazed,System Panel,1 m²,950
Glazed,System Panel,3 m²,2995
Glazed,System Panel,1 m²,950
Glazed,System Panel,3 m²,2795
Glazed,System Panel,3 m²,2995
Glazed,System Panel,10 m²,10185
Glazed,System Panel,1 m²,950
Glazed,System Panel,3 m²,2995
Glazed,System Panel,1 m²,950
Glazed,System Panel,10 m²,10185
CW_Double Glazed Panel 2,CW_Double Glazed Panel,1 m²,2025
CW_Double Glazed Panel 2,CW_Double Glazed Panel,2 m²,2025
CW_Double Glazed Panel 2,CW_Double Glazed Panel,0 m²,425
CW_Double Glazed Panel 2,CW_Double Glazed Panel,1 m²,425
CW_Double Glazed Panel 2,CW_Double Glazed Panel,0 m²,425
Glazed,System Panel,2 m²,1400
Glazed,System Panel,2 m²,1400
Glazed,System Panel,2 m²,1400
Glazed,System Panel,2 m²,1400
Glazed,System Panel,3 m²,1625
Glazed,System Panel,3 m²,1625
Glazed,System Panel,3 m²,1625
Glazed,System Panel,3 m²,1625
Glazed,System Panel,2 m²,1100
Glazed,System Panel,2 m²,1100
Glazed,System Panel,2 m²,1100
Glazed,System Panel,2 m²,1100
Glazed,System Panel,3 m²,2995
Glazed,System Panel,9 m²,10185
Glazed,System Panel,1 m²,950
Glazed,System Panel,,
Glazed,System Panel,,
Glazed,System Panel,,
E-Deck_Havana 300x1200mm,BEN714_Rasied-Floor-Deck,66 m²,8512
E-Deck_Havana 300x1200mm,BEN714_Rasied-Floor-Deck,464 m²,10511
Glazed,System Panel,3 m²,2325
Glazed,System Panel,3 m²,2325
Glazed,System Panel,3 m²,2325
Glazed,System Panel,0 m²,425
Glazed,System Panel,0 m²,425
Glazed,System Panel,0 m²,425
Glazed,System Panel,3 m²,2325
Glazed,System Panel,3 m²,2325
Glazed,System Panel,3 m²,2325
Glazed,System Panel,3 m²,2325
Glazed,System Panel,3 m²,2325
Glazed,System Panel,1 m²,425
Glazed,System Panel,1 m²,425
Glazed,System Panel,1 m²,425
Glazed,System Panel,1 m²,425
Glazed,System Panel,1 m²,425
Glazed,System Panel,0 m²,425
Glazed,System Panel,1 m²,2325
Glazed,System Panel,0 m²,425
Glazed,System Panel,4 m²,2770
Glazed,System Panel,4 m²,2770
Glazed,System Panel,4 m²,2770
Glazed,System Panel,4 m²,2770
Glazed,System Panel,4 m²,2770
Glazed,System Panel,4 m²,2770
Glazed,System Panel,4 m²,2770
Glazed,System Panel,4 m²,2770
Glazed,System Panel,4 m²,2770
Glazed,System Panel,4 m²,2770
Glazed,System Panel,4 m²,2770
Glazed,System Panel,4 m²,2770
Glazed,System Panel,4 m²,2770
Glazed,System Panel,4 m²,2770
Glazed,System Panel,4 m²,2770
Glazed,System Panel,4 m²,2770
Glazed,System Panel,4 m²,2770
Glazed,System Panel,4 m²,2770
Glazed,System Panel,4 m²,2770
Glazed,System Panel,4 m²,2770
Glazed,System Panel,4 m²,2770
Glazed,System Panel,4 m²,2770
Glazed,System Panel,4 m²,2770
Glazed,System Panel,4 m²,2770
Glazed,System Panel,4 m²,2770
Glazed,System Panel,4 m²,2770
Glazed,System Panel,4 m²,2770
Glazed,System Panel,4 m²,2770
Glazed,System Panel,4 m²,2770
Glazed,System Panel,4 m²,2770
Glazed,System Panel,4 m²,2770
Glazed,System Panel,4 m²,2770
Glazed,System Panel,4 m²,2770
Glazed,System Panel,4 m²,2770
Glazed,System Panel,4 m²,2770
Glazed,System Panel,4 m²,2770
Glazed,System Panel,4 m²,2770
Glazed,System Panel,4 m²,2770
Glazed,System Panel,4 m²,2770
Glazed,System Panel,4 m²,2770
Glazed,System Panel,4 m²,2770
Glazed,System Panel,4 m²,2770
Glazed,System Panel,4 m²,2770
Glazed,System Panel,4 m²,2770
Glazed,System Panel,4 m²,2770
Glazed,System Panel,4 m²,2770
Glazed,System Panel,4 m²,2770
Glazed,System Panel,4 m²,2770
Glazed,System Panel,5 m²,2770
Glazed,System Panel,4 m²,2770
Glazed,System Panel,5 m²,2770
Glazed,System Panel,5 m²,2770
Glazed,System Panel,4 m²,2770
Glazed,System Panel,5 m²,2770
Glazed,System Panel,5 m²,2770
Glazed,System Panel,4 m²,2770
Glazed,System Panel,5 m²,2770
Glazed,System Panel,3 m²,2770
Glazed,System Panel,4 m²,2770
Glazed,System Panel,4 m²,2770
Glazed,System Panel,4 m²,2770
Glazed,System Panel,4 m²,2770
Glazed,System Panel,4 m²,2770
Glazed,System Panel,4 m²,2770
Glazed,System Panel,4 m²,2770
Glazed,System Panel,4 m²,2770
Glazed,System Panel,3 m²,2770
Glazed,System Panel,4 m²,2770
Glazed,System Panel,4 m²,2770
Glazed,System Panel,4 m²,2770
Glazed,System Panel,4 m²,2770
Glazed,System Panel,4 m²,2770
Glazed,System Panel,3 m²,2770
Glazed,System Panel,4 m²,2770
Glazed,System Panel,4 m²,2770
Glazed,System Panel,4 m²,2770
Glazed,System Panel,4 m²,2770
Glazed,System Panel,4 m²,2770
Glazed,System Panel,4 m²,2770
Glazed,System Panel,4 m²,2770
Glazed,System Panel,4 m²,2770
Glazed,System Panel,4 m²,2770
Glazed,System Panel,4 m²,2770
Glazed,System Panel,4 m²,2770
Glazed,System Panel,4 m²,2770
Glazed,System Panel,4 m²,2770
Glazed,System Panel,3 m²,2770
Glazed,System Panel,4 m²,2770
Glazed,System Panel,3 m²,2770
Glazed,System Panel,3 m²,2325
Glazed,System Panel,3 m²,2325
Glazed,System Panel,3 m²,2325
Glazed,System Panel,3 m²,2325
Glazed,System Panel,3 m²,2325
Glazed,System Panel,3 m²,2325
Glazed,System Panel,3 m²,2325
Glazed,System Panel,3 m²,2325
Glazed,System Panel,3 m²,2325
Glazed,System Panel,3 m²,2325
Glazed,System Panel,3 m²,2325
Glazed,System Panel,3 m²,2325
Glazed,System Panel,3 m²,2325
Glazed,System Panel,3 m²,2325
Glazed,System Panel,3 m²,2325
Glazed,System Panel,3 m²,2325
Glazed,System Panel,3 m²,2325
Glazed,System Panel,3 m²,2325
Glazed,System Panel,3 m²,2325
Glazed,System Panel,3 m²,2325
Glazed,System Panel,3 m²,2325
Glazed,System Panel,3 m²,2325
Glazed,System Panel,3 m²,2325
Glazed,System Panel,2 m²,1500
Glazed,System Panel,2 m²,1500
Glazed,System Panel,2 m²,1500
Glazed,System Panel,2 m²,1500
Glazed,System Panel,2 m²,1500
Glazed,System Panel,2 m²,1500
Glazed,System Panel,2 m²,1500
Glazed,System Panel,2 m²,1500
Glazed,System Panel,2 m²,1500
Glazed,System Panel,2 m²,1500
Glazed,System Panel,2 m²,1500
Glazed,System Panel,2 m²,1500
Glazed,System Panel,2 m²,1500
Glazed,System Panel,2 m²,1500
Glazed,System Panel,2 m²,1500
Glazed,System Panel,2 m²,1500
Glazed,System Panel,2 m²,1500
Glazed,System Panel,2 m²,1500
Glazed,System Panel,2 m²,1500
Glazed,System Panel,2 m²,1500
Glazed,System Panel,2 m²,1500
Glazed,System Panel,2 m²,1500
Glazed,System Panel,2 m²,1500
Glazed,System Panel,3 m²,2325
Glazed,System Panel,2 m²,1500
Glazed,System Panel,3 m²,2325
Glazed,System Panel,2 m²,1500
Glazed,System Panel,3 m²,2325
Glazed,System Panel,2 m²,1500
Glazed,System Panel,3 m²,2325
Glazed,System Panel,2 m²,1500
Glazed,System Panel,3 m²,2325
Glazed,System Panel,2 m²,1500
Glazed,System Panel,7 m²,3825
Glazed,System Panel,7 m²,3825
Glazed,System Panel,7 m²,3825
Glazed,System Panel,7 m²,3825
Glazed,System Panel,7 m²,3825
Glazed,System Panel,7 m²,3825
Glazed,System Panel,7 m²,3975
Glazed,System Panel,7 m²,3975
Glazed,System Panel,7 m²,3975
Glazed,System Panel,7 m²,3975
Glazed,System Panel,7 m²,3975
Glazed,System Panel,7 m²,3975
Glazed,System Panel,7 m²,3975
Glazed,System Panel,7 m²,3975
Glazed,System Panel,7 m²,4000
Glazed,System Panel,7 m²,4000
Glazed,System Panel,7 m²,4000
Glazed,System Panel,7 m²,4000
Glazed,System Panel,2 m²,4000
Glazed,System Panel,0 m²,125
Glazed,System Panel,0 m²,125
Glazed,System Panel,0 m²,125
Glazed,System Panel,0 m²,125
Glazed,System Panel,0 m²,125
Glazed,System Panel,1 m²,3975
Glazed,System Panel,7 m²,4000
Glazed,System Panel,7 m²,4000
Glazed,System Panel,7 m²,4000
Glazed,System Panel,7 m²,4000
Glazed,System Panel,7 m²,4000
Glazed,System Panel,7 m²,4000
Glazed,System Panel,7 m²,4000
Glazed,System Panel,7 m²,4000
Glazed,System Panel,7 m²,4000
Glazed,System Panel,7 m²,4000
Glazed,System Panel,7 m²,4000
Glazed,System Panel,1 m²,4000
Glazed,System Panel,0 m²,125
Glazed,System Panel,0 m²,125
Glazed,System Panel,0 m²,125
Glazed,System Panel,0 m²,125
Glazed,System Panel,0 m²,125
Glazed,System Panel,0 m²,125
Glazed,System Panel,0 m²,125
Glazed,System Panel,0 m²,125
Glazed,System Panel,0 m²,125
Glazed,System Panel,0 m²,125
Glazed,System Panel,0 m²,125
Glazed,System Panel,0 m²,125
Glazed,System Panel,2 m²,2325
Glazed,System Panel,2 m²,2325
Glazed,System Panel,2 m²,2350
Glazed,System Panel,2 m²,2350
Glazed,System Panel,2 m²,2325
Glazed,System Panel,2 m²,2325
Glazed,System Panel,2 m²,2350
Glazed,System Panel,2 m²,2350
Glazed,System Panel,2 m²,2350
Glazed,System Panel,2 m²,2350
Glazed,System Panel,2 m²,2350
Glazed,System Panel,2 m²,2350
Glazed,System Panel,2 m²,2350
Glazed,System Panel,2 m²,2350
Glazed,System Panel,2 m²,2350
Glazed,System Panel,2 m²,2350
Glazed,System Panel,2 m²,2350
Glazed,System Panel,2 m²,2350
Glazed,System Panel,2 m²,2350
Glazed,System Panel,2 m²,2350
Glazed,System Panel,2 m²,2350
Glazed,System Panel,2 m²,2350
Glazed,System Panel,2 m²,2350
Glazed,System Panel,2 m²,2350
Glazed,System Panel,2 m²,2350
Glazed,System Panel,2 m²,2350
Glazed,System Panel,2 m²,2350
Glazed,System Panel,2 m²,2350
Glazed,System Panel,2 m²,2350
Glazed,System Panel,2 m²,2350
Glazed,System Panel,2 m²,2350
Glazed,System Panel,2 m²,2350
Glazed,System Panel,1 m²,1217
Glazed,System Panel,1 m²,1217
Glazed,System Panel,2 m²,2350
Glazed,System Panel,2 m²,2350
Glazed,System Panel,2 m²,2350
Glazed,System Panel,2 m²,2350
Glazed,System Panel,2 m²,2139
Glazed,System Panel,2 m²,2139
Empty,Empty System Panel,0 m²,55
Empty,Empty System Panel,1 m²,100
Empty,Empty System Panel,1 m²,100
Empty,Empty System Panel,1 m²,100
Empty,Empty System Panel,1 m²,100
Empty,Empty System Panel,1 m²,100
Empty,Empty System Panel,1 m²,100
Empty,Empty System Panel,1 m²,100
Empty,Empty System Panel,1 m²,100
Empty,Empty System Panel,1 m²,100
Empty,Empty System Panel,1 m²,100
Empty,Empty System Panel,1 m²,100
Empty,Empty System Panel,1 m²,100
Empty,Empty System Panel,1 m²,100
Empty,Empty System Panel,1 m²,100
Empty,Empty System Panel,1 m²,100
Empty,Empty System Panel,0 m²,55
Empty,Empty System Panel,1 m²,55
Empty,Empty System Panel,2 m²,100
Empty,Empty System Panel,2 m²,100
Empty,Empty System Panel,2 m²,100
Empty,Empty System Panel,2 m²,100
Empty,Empty System Panel,2 m²,100
Empty,Empty System Panel,2 m²,100
Empty,Empty System Panel,2 m²,100
Empty,Empty System Panel,2 m²,100
Empty,Empty System Panel,2 m²,100
Empty,Empty System Panel,2 m²,100
Empty,Empty System Panel,2 m²,100
Empty,Empty System Panel,2 m²,100
Empty,Empty System Panel,2 m²,100
Empty,Empty System Panel,2 m²,100
Empty,Empty System Panel,2 m²,100
Empty,Empty System Panel,1 m²,55
Empty,Empty System Panel,1 m²,55
Empty,Empty System Panel,1 m²,100
Empty,Empty System Panel,1 m²,100
Empty,Empty System Panel,1 m²,100
Empty,Empty System Panel,1 m²,100
Empty,Empty System Panel,1 m²,100
Empty,Empty System Panel,1 m²,100
Empty,Empty System Panel,1 m²,100
Empty,Empty System Panel,1 m²,100
Empty,Empty System Panel,1 m²,100
Empty,Empty System Panel,1 m²,100
Empty,Empty System Panel,1 m²,100
Empty,Empty System Panel,1 m²,100
Empty,Empty System Panel,1 m²,100
Empty,Empty System Panel,1 m²,100
Empty,Empty System Panel,1 m²,100
Empty,Empty System Panel,1 m²,55
Empty,Empty System Panel,1 m²,55
Empty,Empty System Panel,1 m²,100
Empty,Empty System Panel,1 m²,100
Empty,Empty System Panel,1 m²,100
Empty,Empty System Panel,1 m²,100
Empty,Empty System Panel,1 m²,100
Empty,Empty System Panel,1 m²,100
Empty,Empty System Panel,1 m²,100
Empty,Empty System Panel,1 m²,100
Empty,Empty System Panel,1 m²,100
Empty,Empty System Panel,1 m²,100
Empty,Empty System Panel,1 m²,100
Empty,Empty System Panel,1 m²,100
Empty,Empty System Panel,1 m²,100
Empty,Empty System Panel,1 m²,100
Empty,Empty System Panel,1 m²,100
Empty,Empty System Panel,1 m²,55
